Item,Tanggal,Harga
Bawang Merah Ukuran Sedang,2024-01-01,40000
Bawang Merah Ukuran Sedang,2024-01-02,41250
Bawang Merah Ukuran Sedang,2024-01-03,41600
Bawang Merah Ukuran Sedang,2024-01-04,42000
Bawang Merah Ukuran Sedang,2024-01-05,42050
Bawang Merah Ukuran Sedang,2024-01-08,42050
Bawang Merah Ukuran Sedang,2024-01-09,42200
Bawang Merah Ukuran Sedang,2024-01-10,42100
Bawang Merah Ukuran Sedang,2024-01-11,42050
Bawang Merah Ukuran Sedang,2024-01-12,41950
Bawang Merah Ukuran Sedang,2024-01-15,41700
Bawang Merah Ukuran Sedang,2024-01-16,41400
Bawang Merah Ukuran Sedang,2024-01-17,41250
Bawang Merah Ukuran Sedang,2024-01-18,41100
Bawang Merah Ukuran Sedang,2024-01-19,40850
Bawang Merah Ukuran Sedang,2024-01-22,40400
Bawang Merah Ukuran Sedang,2024-01-23,40050
Bawang Merah Ukuran Sedang,2024-01-24,39800
Bawang Merah Ukuran Sedang,2024-01-25,39650
Bawang Merah Ukuran Sedang,2024-01-26,39450
Bawang Merah Ukuran Sedang,2024-01-29,38850
Bawang Merah Ukuran Sedang,2024-01-30,38550
Bawang Merah Ukuran Sedang,2024-01-31,38450
Bawang Merah Ukuran Sedang,2024-02-01,38350
Bawang Merah Ukuran Sedang,2024-02-02,38200
Bawang Merah Ukuran Sedang,2024-02-05,37850
Bawang Merah Ukuran Sedang,2024-02-06,37800
Bawang Merah Ukuran Sedang,2024-02-07,37350
Bawang Merah Ukuran Sedang,2024-02-08,37700
Bawang Merah Ukuran Sedang,2024-02-09,37700
Bawang Merah Ukuran Sedang,2024-02-12,37300
Bawang Merah Ukuran Sedang,2024-02-13,37000
Bawang Merah Ukuran Sedang,2024-02-14,36600
Bawang Merah Ukuran Sedang,2024-02-15,36850
Bawang Merah Ukuran Sedang,2024-02-16,36850
Bawang Merah Ukuran Sedang,2024-02-19,37200
Bawang Merah Ukuran Sedang,2024-02-20,37350
Bawang Merah Ukuran Sedang,2024-02-21,37450
Bawang Merah Ukuran Sedang,2024-02-22,37550
Bawang Merah Ukuran Sedang,2024-02-23,37650
Bawang Merah Ukuran Sedang,2024-02-26,37400
Bawang Merah Ukuran Sedang,2024-02-27,37350
Bawang Merah Ukuran Sedang,2024-02-28,37350
Bawang Merah Ukuran Sedang,2024-02-29,37300
Bawang Merah Ukuran Sedang,2024-03-01,37050
Bawang Merah Ukuran Sedang,2024-03-04,36950
Bawang Merah Ukuran Sedang,2024-03-05,36850
Bawang Merah Ukuran Sedang,2024-03-06,36700
Bawang Merah Ukuran Sedang,2024-03-07,36650
Bawang Merah Ukuran Sedang,2024-03-08,36700
Bawang Merah Ukuran Sedang,2024-03-11,36700
Bawang Merah Ukuran Sedang,2024-03-12,36650
Bawang Merah Ukuran Sedang,2024-03-13,36700
Bawang Merah Ukuran Sedang,2024-03-14,36750
Bawang Merah Ukuran Sedang,2024-03-15,37100
Bawang Merah Ukuran Sedang,2024-03-18,36700
Bawang Merah Ukuran Sedang,2024-03-19,36700
Bawang Merah Ukuran Sedang,2024-03-20,36800
Bawang Merah Ukuran Sedang,2024-03-21,36700
Bawang Merah Ukuran Sedang,2024-03-22,36750
Bawang Merah Ukuran Sedang,2024-03-25,36450
Bawang Merah Ukuran Sedang,2024-03-26,36650
Bawang Merah Ukuran Sedang,2024-03-27,36950
Bawang Merah Ukuran Sedang,2024-03-28,37100
Bawang Merah Ukuran Sedang,2024-03-29,37200
Bawang Merah Ukuran Sedang,2024-04-01,38350
Bawang Merah Ukuran Sedang,2024-04-02,39250
Bawang Merah Ukuran Sedang,2024-04-03,39850
Bawang Merah Ukuran Sedang,2024-04-04,40300
Bawang Merah Ukuran Sedang,2024-04-05,41850
Bawang Merah Ukuran Sedang,2024-04-08,42300
Bawang Merah Ukuran Sedang,2024-04-09,42200
Bawang Merah Ukuran Sedang,2024-04-10,42150
Bawang Merah Ukuran Sedang,2024-04-11,42150
Bawang Merah Ukuran Sedang,2024-04-12,42050
Bawang Merah Ukuran Sedang,2024-04-15,42900
Bawang Merah Ukuran Sedang,2024-04-16,52050
Bawang Merah Ukuran Sedang,2024-04-17,54150
Bawang Merah Ukuran Sedang,2024-04-18,55200
Bawang Merah Ukuran Sedang,2024-04-19,55850
Bawang Merah Ukuran Sedang,2024-04-22,56950
Bawang Merah Ukuran Sedang,2024-04-23,57200
Bawang Merah Ukuran Sedang,2024-04-24,57100
Bawang Merah Ukuran Sedang,2024-04-25,57050
Bawang Merah Ukuran Sedang,2024-04-26,57200
Bawang Merah Ukuran Sedang,2024-04-29,56500
Bawang Merah Ukuran Sedang,2024-04-30,56250
Bawang Merah Ukuran Sedang,2024-05-01,56000
Bawang Merah Ukuran Sedang,2024-05-02,55450
Bawang Merah Ukuran Sedang,2024-05-03,54900
Bawang Merah Ukuran Sedang,2024-05-06,53200
Bawang Merah Ukuran Sedang,2024-05-07,52900
Bawang Merah Ukuran Sedang,2024-05-08,52450
Bawang Merah Ukuran Sedang,2024-05-09,52400
Bawang Merah Ukuran Sedang,2024-05-10,52400
Bawang Merah Ukuran Sedang,2024-05-13,51200
Bawang Merah Ukuran Sedang,2024-05-14,51200
Bawang Merah Ukuran Sedang,2024-05-15,50950
Bawang Merah Ukuran Sedang,2024-05-16,50850
Bawang Merah Ukuran Sedang,2024-05-17,50700
Bawang Merah Ukuran Sedang,2024-05-20,50300
Bawang Merah Ukuran Sedang,2024-05-21,50150
Bawang Merah Ukuran Sedang,2024-05-22,50000
Bawang Merah Ukuran Sedang,2024-05-23,50150
Bawang Merah Ukuran Sedang,2024-05-24,50150
Bawang Merah Ukuran Sedang,2024-05-27,49300
Bawang Merah Ukuran Sedang,2024-05-28,49050
Bawang Merah Ukuran Sedang,2024-05-29,48800
Bawang Merah Ukuran Sedang,2024-05-30,48600
Bawang Merah Ukuran Sedang,2024-05-31,48350
Bawang Merah Ukuran Sedang,2024-06-03,47400
Bawang Merah Ukuran Sedang,2024-06-04,47400
Bawang Merah Ukuran Sedang,2024-06-05,47200
Bawang Merah Ukuran Sedang,2024-06-06,46700
Bawang Merah Ukuran Sedang,2024-06-07,46600
Bawang Merah Ukuran Sedang,2024-06-10,46500
Bawang Merah Ukuran Sedang,2024-06-11,46050
Bawang Merah Ukuran Sedang,2024-06-12,45900
Bawang Merah Ukuran Sedang,2024-06-13,45600
Bawang Merah Ukuran Sedang,2024-06-14,45600
Bawang Merah Ukuran Sedang,2024-06-17,45400
Bawang Merah Ukuran Sedang,2024-06-18,45700
Bawang Merah Ukuran Sedang,2024-06-19,45050
Bawang Merah Ukuran Sedang,2024-06-20,44750
Bawang Merah Ukuran Sedang,2024-06-21,44250
Bawang Merah Ukuran Sedang,2024-06-24,43600
Bawang Merah Ukuran Sedang,2024-06-25,43250
Bawang Merah Ukuran Sedang,2024-06-26,42900
Bawang Merah Ukuran Sedang,2024-06-27,42150
Bawang Merah Ukuran Sedang,2024-06-28,42500
Bawang Merah Ukuran Sedang,2024-07-01,41200
Bawang Merah Ukuran Sedang,2024-07-02,40850
Bawang Merah Ukuran Sedang,2024-07-03,40350
Bawang Merah Ukuran Sedang,2024-07-04,39950
Bawang Merah Ukuran Sedang,2024-07-05,39700
Bawang Merah Ukuran Sedang,2024-07-08,39050
Bawang Merah Ukuran Sedang,2024-07-09,38400
Bawang Merah Ukuran Sedang,2024-07-10,37950
Bawang Merah Ukuran Sedang,2024-07-11,37550
Bawang Merah Ukuran Sedang,2024-07-12,37100
Bawang Merah Ukuran Sedang,2024-07-15,36050
Bawang Merah Ukuran Sedang,2024-07-16,35400
Bawang Merah Ukuran Sedang,2024-07-17,35250
Bawang Merah Ukuran Sedang,2024-07-18,35000
Bawang Merah Ukuran Sedang,2024-07-19,34450
Bawang Merah Ukuran Sedang,2024-07-22,33350
Bawang Merah Ukuran Sedang,2024-07-23,32700
Bawang Merah Ukuran Sedang,2024-07-24,32300
Bawang Merah Ukuran Sedang,2024-07-25,32000
Bawang Merah Ukuran Sedang,2024-07-26,31800
Bawang Merah Ukuran Sedang,2024-07-29,31050
Bawang Merah Ukuran Sedang,2024-07-30,30850
Bawang Merah Ukuran Sedang,2024-07-31,30500
Bawang Merah Ukuran Sedang,2024-08-01,30350
Bawang Merah Ukuran Sedang,2024-08-02,30200
Bawang Merah Ukuran Sedang,2024-08-05,30050
Bawang Merah Ukuran Sedang,2024-08-06,29600
Bawang Merah Ukuran Sedang,2024-08-07,29900
Bawang Merah Ukuran Sedang,2024-08-08,29850
Bawang Merah Ukuran Sedang,2024-08-09,29650
Bawang Merah Ukuran Sedang,2024-08-12,29200
Bawang Merah Ukuran Sedang,2024-08-13,29000
Bawang Merah Ukuran Sedang,2024-08-14,29150
Bawang Merah Ukuran Sedang,2024-08-15,29000
Bawang Merah Ukuran Sedang,2024-08-16,28900
Bawang Merah Ukuran Sedang,2024-08-19,28950
Bawang Merah Ukuran Sedang,2024-08-20,28500
Bawang Merah Ukuran Sedang,2024-08-21,28500
Bawang Merah Ukuran Sedang,2024-08-22,28450
Bawang Merah Ukuran Sedang,2024-08-23,28350
Bawang Merah Ukuran Sedang,2024-08-26,28250
Bawang Merah Ukuran Sedang,2024-08-27,28250
Bawang Merah Ukuran Sedang,2024-08-28,28100
Bawang Merah Ukuran Sedang,2024-08-29,27900
Bawang Merah Ukuran Sedang,2024-08-30,27900
Bawang Merah Ukuran Sedang,2024-09-02,28250
Bawang Merah Ukuran Sedang,2024-09-03,28350
Bawang Merah Ukuran Sedang,2024-09-04,28450
Bawang Merah Ukuran Sedang,2024-09-05,28500
Bawang Merah Ukuran Sedang,2024-09-06,28550
Bawang Merah Ukuran Sedang,2024-09-09,28900
Bawang Merah Ukuran Sedang,2024-09-10,29100
Bawang Merah Ukuran Sedang,2024-09-11,29250
Bawang Merah Ukuran Sedang,2024-09-12,29350
Bawang Merah Ukuran Sedang,2024-09-13,29450
Bawang Merah Ukuran Sedang,2024-09-16,28600
Bawang Merah Ukuran Sedang,2024-09-17,29600
Bawang Merah Ukuran Sedang,2024-09-18,29850
Bawang Merah Ukuran Sedang,2024-09-19,30000
Bawang Merah Ukuran Sedang,2024-09-20,30050
Bawang Merah Ukuran Sedang,2024-09-23,30500
Bawang Merah Ukuran Sedang,2024-09-24,30550
Bawang Merah Ukuran Sedang,2024-09-25,30600
Bawang Merah Ukuran Sedang,2024-09-26,30550
Bawang Merah Ukuran Sedang,2024-09-27,30650
Bawang Merah Ukuran Sedang,2024-09-30,30800
Bawang Merah Ukuran Sedang,2024-10-01,30950
Bawang Merah Ukuran Sedang,2024-10-02,31050
Bawang Merah Ukuran Sedang,2024-10-03,31150
Bawang Merah Ukuran Sedang,2024-10-04,31250
Bawang Merah Ukuran Sedang,2024-10-07,31500
Bawang Merah Ukuran Sedang,2024-10-08,31550
Bawang Merah Ukuran Sedang,2024-10-09,31550
Bawang Merah Ukuran Sedang,2024-10-10,31550
Bawang Merah Ukuran Sedang,2024-10-11,31600
Bawang Merah Ukuran Sedang,2024-10-14,31600
Bawang Merah Ukuran Sedang,2024-10-15,31400
Bawang Merah Ukuran Sedang,2024-10-16,31500
Bawang Merah Ukuran Sedang,2024-10-17,31350
Bawang Merah Ukuran Sedang,2024-10-18,31550
Bawang Merah Ukuran Sedang,2024-10-21,31700
Bawang Merah Ukuran Sedang,2024-10-22,31750
Bawang Merah Ukuran Sedang,2024-10-23,31950
Bawang Merah Ukuran Sedang,2024-10-24,32100
Bawang Merah Ukuran Sedang,2024-10-25,32150
Bawang Merah Ukuran Sedang,2024-10-28,32900
Bawang Merah Ukuran Sedang,2024-10-29,33400
Bawang Merah Ukuran Sedang,2024-10-30,33600
Bawang Merah Ukuran Sedang,2024-10-31,34100
Bawang Merah Ukuran Sedang,2024-11-01,34600
Bawang Merah Ukuran Sedang,2024-11-04,36350
Bawang Merah Ukuran Sedang,2024-11-05,36950
Bawang Merah Ukuran Sedang,2024-11-06,37350
Bawang Merah Ukuran Sedang,2024-11-07,37550
Bawang Merah Ukuran Sedang,2024-11-08,38000
Bawang Merah Ukuran Sedang,2024-11-11,39200
Bawang Merah Ukuran Sedang,2024-11-12,39700
Bawang Merah Ukuran Sedang,2024-11-13,40150
Bawang Merah Ukuran Sedang,2024-11-14,40350
Bawang Merah Ukuran Sedang,2024-11-15,40900
Bawang Merah Ukuran Sedang,2024-11-18,41200
Bawang Merah Ukuran Sedang,2024-11-19,41550
Bawang Merah Ukuran Sedang,2024-11-20,41750
Bawang Merah Ukuran Sedang,2024-11-21,41900
Bawang Merah Ukuran Sedang,2024-11-22,41950
Bawang Merah Ukuran Sedang,2024-11-25,41950
Bawang Merah Ukuran Sedang,2024-11-26,42100
Bawang Merah Ukuran Sedang,2024-11-27,41050
Bawang Merah Ukuran Sedang,2024-11-28,42150
Bawang Merah Ukuran Sedang,2024-11-29,42150
Bawang Merah Ukuran Sedang,2024-12-02,42250
Bawang Merah Ukuran Sedang,2024-12-03,42250
Bawang Merah Ukuran Sedang,2024-12-04,42450
Bawang Merah Ukuran Sedang,2024-12-05,42650
Bawang Merah Ukuran Sedang,2024-12-06,42700
Bawang Merah Ukuran Sedang,2024-12-09,42750
Bawang Merah Ukuran Sedang,2024-12-10,43100
Bawang Merah Ukuran Sedang,2024-12-11,43250
Bawang Merah Ukuran Sedang,2024-12-12,43300
Bawang Merah Ukuran Sedang,2024-12-13,42950
Bawang Merah Ukuran Sedang,2024-12-16,43300
Bawang Merah Ukuran Sedang,2024-12-17,43750
Bawang Merah Ukuran Sedang,2024-12-18,43300
Bawang Merah Ukuran Sedang,2024-12-19,43200
Bawang Merah Ukuran Sedang,2024-12-20,43250
Bawang Merah Ukuran Sedang,2024-12-23,43250
Bawang Merah Ukuran Sedang,2024-12-24,43400
Bawang Merah Ukuran Sedang,2024-12-25,43350
Bawang Merah Ukuran Sedang,2024-12-26,43350
Bawang Merah Ukuran Sedang,2024-12-27,43750
Bawang Merah Ukuran Sedang,2024-12-30,44250
Bawang Merah Ukuran Sedang,2024-12-31,44000
Bawang Merah Ukuran Sedang,2025-01-01,44100
Bawang Merah Ukuran Sedang,2025-01-02,44050
Bawang Merah Ukuran Sedang,2025-01-03,43900
Bawang Merah Ukuran Sedang,2025-01-06,43550
Bawang Merah Ukuran Sedang,2025-01-07,43450
Bawang Merah Ukuran Sedang,2025-01-08,43350
Bawang Merah Ukuran Sedang,2025-01-09,43100
Bawang Merah Ukuran Sedang,2025-01-10,42950
Bawang Merah Ukuran Sedang,2025-01-13,42350
Bawang Merah Ukuran Sedang,2025-01-14,42150
Bawang Merah Ukuran Sedang,2025-01-15,41850
Bawang Merah Ukuran Sedang,2025-01-16,41750
Bawang Merah Ukuran Sedang,2025-01-17,41500
Bawang Merah Ukuran Sedang,2025-01-20,40700
Bawang Merah Ukuran Sedang,2025-01-21,40450
Bawang Merah Ukuran Sedang,2025-01-22,40100
Bawang Merah Ukuran Sedang,2025-01-23,39950
Bawang Merah Ukuran Sedang,2025-01-24,39700
Bawang Merah Ukuran Sedang,2025-01-27,39350
Bawang Merah Ukuran Sedang,2025-01-28,39200
Bawang Merah Ukuran Sedang,2025-01-29,39200
Bawang Merah Ukuran Sedang,2025-01-30,38850
Bawang Merah Ukuran Sedang,2025-01-31,38650
Bawang Merah Ukuran Sedang,2025-02-03,38050
Bawang Merah Ukuran Sedang,2025-02-04,37750
Bawang Merah Ukuran Sedang,2025-02-05,37600
Bawang Merah Ukuran Sedang,2025-02-06,37450
Bawang Merah Ukuran Sedang,2025-02-07,37350
Bawang Merah Ukuran Sedang,2025-02-10,37250
Bawang Merah Ukuran Sedang,2025-02-11,37100
Bawang Merah Ukuran Sedang,2025-02-12,37000
Bawang Merah Ukuran Sedang,2025-02-13,36950
Bawang Merah Ukuran Sedang,2025-02-14,37000
Bawang Merah Ukuran Sedang,2025-02-17,36950
Bawang Merah Ukuran Sedang,2025-02-18,36950
Bawang Merah Ukuran Sedang,2025-02-19,37000
Bawang Merah Ukuran Sedang,2025-02-20,36950
Bawang Merah Ukuran Sedang,2025-02-21,37000
Bawang Merah Ukuran Sedang,2025-02-24,37950
Bawang Merah Ukuran Sedang,2025-02-25,38450
Bawang Merah Ukuran Sedang,2025-02-26,38900
Bawang Merah Ukuran Sedang,2025-02-27,39450
Bawang Merah Ukuran Sedang,2025-02-28,39350
Bawang Merah Ukuran Sedang,2025-03-03,41450
Bawang Merah Ukuran Sedang,2025-03-04,41700
Bawang Merah Ukuran Sedang,2025-03-05,42000
Bawang Merah Ukuran Sedang,2025-03-06,42350
Bawang Merah Ukuran Sedang,2025-03-07,42850
Bawang Merah Ukuran Sedang,2025-03-10,43700
Bawang Merah Ukuran Sedang,2025-03-11,43950
Bawang Merah Ukuran Sedang,2025-03-12,44200
Bawang Merah Ukuran Sedang,2025-03-13,44250
Bawang Merah Ukuran Sedang,2025-03-14,44550
Bawang Merah Ukuran Sedang,2025-03-17,45000
Bawang Merah Ukuran Sedang,2025-03-18,45350
Bawang Merah Ukuran Sedang,2025-03-19,45550
Bawang Merah Ukuran Sedang,2025-03-20,45800
Bawang Merah Ukuran Sedang,2025-03-21,46050
Bawang Merah Ukuran Sedang,2025-03-24,46750
Bawang Merah Ukuran Sedang,2025-03-25,46900
Bawang Merah Ukuran Sedang,2025-03-26,47250
Bawang Merah Ukuran Sedang,2025-03-27,47100
Bawang Merah Ukuran Sedang,2025-03-28,47200
Bawang Merah Ukuran Sedang,2025-03-31,47050
Bawang Merah Ukuran Sedang,2025-04-01,47400
Bawang Merah Ukuran Sedang,2025-04-02,47400
Bawang Merah Ukuran Sedang,2025-04-03,47450
Bawang Merah Ukuran Sedang,2025-04-04,47450
Bawang Merah Ukuran Sedang,2025-04-07,47550
Bawang Merah Ukuran Sedang,2025-04-08,49250
Bawang Merah Ukuran Sedang,2025-04-09,49500
Bawang Merah Ukuran Sedang,2025-04-10,49350
Bawang Merah Ukuran Sedang,2025-04-11,49450
Bawang Merah Ukuran Sedang,2025-04-14,49550
Bawang Merah Ukuran Sedang,2025-04-15,49550
Bawang Merah Ukuran Sedang,2025-04-16,49400
Bawang Merah Ukuran Sedang,2025-04-17,49150
Bawang Merah Ukuran Sedang,2025-04-18,49300
Bawang Merah Ukuran Sedang,2025-04-21,48400
Bawang Merah Ukuran Sedang,2025-04-22,48050
Bawang Merah Ukuran Sedang,2025-04-23,47750
Bawang Merah Ukuran Sedang,2025-04-24,47300
Bawang Merah Ukuran Sedang,2025-04-25,46550
Bawang Merah Ukuran Sedang,2025-04-28,45350
Bawang Merah Ukuran Sedang,2025-04-29,45100
Bawang Merah Ukuran Sedang,2025-04-30,44700
Bawang Merah Ukuran Sedang,2025-05-01,44650
Bawang Merah Ukuran Sedang,2025-05-02,44250
Bawang Merah Ukuran Sedang,2025-05-05,43400
Bawang Merah Ukuran Sedang,2025-05-06,43050
Bawang Merah Ukuran Sedang,2025-05-07,43000
Bawang Merah Ukuran Sedang,2025-05-08,42800
Bawang Merah Ukuran Sedang,2025-05-09,42600
Bawang Merah Ukuran Sedang,2025-05-12,42550
Bawang Merah Ukuran Sedang,2025-05-13,42350
Bawang Merah Ukuran Sedang,2025-05-14,41850
Bawang Merah Ukuran Sedang,2025-05-15,41650
Bawang Merah Ukuran Sedang,2025-05-16,41550
Bawang Merah Ukuran Sedang,2025-05-19,41250
Bawang Merah Ukuran Sedang,2025-05-20,41250
Bawang Merah Ukuran Sedang,2025-05-21,41250
Bawang Merah Ukuran Sedang,2025-05-22,41050
Bawang Merah Ukuran Sedang,2025-05-23,40900
Bawang Merah Ukuran Sedang,2025-05-26,40600
Bawang Merah Ukuran Sedang,2025-05-27,40500
Bawang Merah Ukuran Sedang,2025-05-28,40650
Bawang Merah Ukuran Sedang,2025-05-29,40650
Bawang Merah Ukuran Sedang,2025-05-30,40500
Bawang Merah Ukuran Sedang,2025-06-02,41000
Bawang Merah Ukuran Sedang,2025-06-03,41150
Bawang Merah Ukuran Sedang,2025-06-04,41400
Bawang Merah Ukuran Sedang,2025-06-05,41800
Bawang Merah Ukuran Sedang,2025-06-06,41800
Bawang Merah Ukuran Sedang,2025-06-09,41750
Bawang Merah Ukuran Sedang,2025-06-10,42650
Bawang Merah Ukuran Sedang,2025-06-11,42850
Bawang Merah Ukuran Sedang,2025-06-12,43500
Bawang Merah Ukuran Sedang,2025-06-13,44150
Bawang Merah Ukuran Sedang,2025-06-16,46850
Bawang Merah Ukuran Sedang,2025-06-17,47750
Bawang Merah Ukuran Sedang,2025-06-18,47950
Bawang Merah Ukuran Sedang,2025-06-19,48200
Bawang Merah Ukuran Sedang,2025-06-20,48850
Bawang Merah Ukuran Sedang,2025-06-23,48650
Bawang Merah Ukuran Sedang,2025-06-24,48650
Bawang Merah Ukuran Sedang,2025-06-25,48500
Bawang Merah Ukuran Sedang,2025-06-26,48500
Bawang Merah Ukuran Sedang,2025-06-27,48450
Bawang Merah Ukuran Sedang,2025-06-30,47450
Bawang Merah Ukuran Sedang,2025-07-01,47350
Bawang Merah Ukuran Sedang,2025-07-02,47100
Bawang Merah Ukuran Sedang,2025-07-03,47000
Bawang Merah Ukuran Sedang,2025-07-04,47050
Bawang Merah Ukuran Sedang,2025-07-07,47300
Bawang Merah Ukuran Sedang,2025-07-08,47350
Bawang Merah Ukuran Sedang,2025-07-09,47600
Bawang Merah Ukuran Sedang,2025-07-10,48050
Bawang Merah Ukuran Sedang,2025-07-11,48150
Bawang Merah Ukuran Sedang,2025-07-14,48950
Bawang Merah Ukuran Sedang,2025-07-15,49150
Bawang Merah Ukuran Sedang,2025-07-16,49300
Bawang Merah Ukuran Sedang,2025-07-17,49300
Bawang Merah Ukuran Sedang,2025-07-18,49450
Bawang Merah Ukuran Sedang,2025-07-21,50800
Bawang Merah Ukuran Sedang,2025-07-22,51350
Bawang Merah Ukuran Sedang,2025-07-23,51850
Bawang Merah Ukuran Sedang,2025-07-24,52250
Bawang Merah Ukuran Sedang,2025-07-25,52800
Bawang Merah Ukuran Sedang,2025-07-28,54650
Bawang Merah Ukuran Sedang,2025-07-29,54900
Bawang Merah Ukuran Sedang,2025-07-30,55500
Bawang Merah Ukuran Sedang,2025-07-31,56150
Bawang Merah Ukuran Sedang,2025-08-01,56350
Bawang Merah Ukuran Sedang,2025-08-04,56850
Bawang Merah Ukuran Sedang,2025-08-05,57100
Bawang Merah Ukuran Sedang,2025-08-06,57350
Bawang Merah Ukuran Sedang,2025-08-07,57600
Bawang Merah Ukuran Sedang,2025-08-08,57750
Bawang Merah Ukuran Sedang,2025-08-11,57950
Bawang Merah Ukuran Sedang,2025-08-12,57950
Bawang Merah Ukuran Sedang,2025-08-13,58100
Bawang Merah Ukuran Sedang,2025-08-14,58000
Bawang Merah Ukuran Sedang,2025-08-15,57750
Bawang Merah Ukuran Sedang,2025-08-18,57500
Bawang Merah Ukuran Sedang,2025-08-19,55100
Bawang Merah Ukuran Sedang,2025-08-20,54350
Bawang Merah Ukuran Sedang,2025-08-21,53350
Bawang Merah Ukuran Sedang,2025-08-22,52700
Bawang Merah Ukuran Sedang,2025-08-25,51350
Bawang Merah Ukuran Sedang,2025-08-26,50900
Bawang Merah Ukuran Sedang,2025-08-27,50650
Bawang Merah Ukuran Sedang,2025-08-28,49950
Bawang Merah Ukuran Sedang,2025-08-29,49700
Bawang Merah Ukuran Sedang,2025-09-01,48850
Bawang Merah Ukuran Sedang,2025-09-02,48400
Bawang Merah Ukuran Sedang,2025-09-03,48050
Bawang Merah Ukuran Sedang,2025-09-04,47700
Bawang Merah Ukuran Sedang,2025-09-05,47700
Bawang Merah Ukuran Sedang,2025-09-08,46650
Bawang Merah Ukuran Sedang,2025-09-09,46500
Bawang Merah Ukuran Sedang,2025-09-10,45800
Bawang Merah Ukuran Sedang,2025-09-11,45300
Bawang Merah Ukuran Sedang,2025-09-12,44950
Bawang Merah Ukuran Sedang,2025-09-15,43950
Bawang Merah Ukuran Sedang,2025-09-16,43700
Bawang Merah Ukuran Sedang,2025-09-17,43500
Bawang Merah Ukuran Sedang,2025-09-18,43300
Bawang Merah Ukuran Sedang,2025-09-19,43150
Bawang Merah Ukuran Sedang,2025-09-22,42150
Bawang Merah Ukuran Sedang,2025-09-23,41900
Bawang Merah Ukuran Sedang,2025-09-24,41700
Bawang Merah Ukuran Sedang,2025-09-25,41500
Bawang Merah Ukuran Sedang,2025-09-26,41450
Bawang Merah Ukuran Sedang,2025-09-29,40900
Bawang Merah Ukuran Sedang,2025-09-30,40650
Bawang Merah Ukuran Sedang,2025-10-01,40450
Bawang Merah Ukuran Sedang,2025-10-02,40250
Bawang Merah Ukuran Sedang,2025-10-03,40250
Bawang Merah Ukuran Sedang,2025-10-06,40600
Bawang Merah Ukuran Sedang,2025-10-07,40800
Bawang Merah Ukuran Sedang,2025-10-08,40900
Bawang Merah Ukuran Sedang,2025-10-09,41350
Bawang Merah Ukuran Sedang,2025-10-10,41450
Bawang Merah Ukuran Sedang,2025-10-13,41800
Bawang Merah Ukuran Sedang,2025-10-14,41800
Bawang Merah Ukuran Sedang,2025-10-15,41900
Bawang Merah Ukuran Sedang,2025-10-16,41900
Bawang Merah Ukuran Sedang,2025-10-17,42050
Bawang Merah Ukuran Sedang,2025-10-20,42150
Bawang Merah Ukuran Sedang,2025-10-21,42300
Bawang Merah Ukuran Sedang,2025-10-22,42050
Bawang Merah Ukuran Sedang,2025-10-23,42050
Bawang Merah Ukuran Sedang,2025-10-24,42050
Bawang Merah Ukuran Sedang,2025-10-27,41950
Bawang Merah Ukuran Sedang,2025-10-28,42000
Bawang Merah Ukuran Sedang,2025-10-29,41850
Bawang Merah Ukuran Sedang,2025-10-30,41900
Bawang Merah Ukuran Sedang,2025-10-31,41850
Bawang Merah Ukuran Sedang,2025-11-03,41800
Bawang Merah Ukuran Sedang,2025-11-04,41950
Bawang Merah Ukuran Sedang,2025-11-05,41900
Bawang Merah Ukuran Sedang,2025-11-06,41800
Bawang Merah Ukuran Sedang,2025-11-07,41900
Bawang Merah Ukuran Sedang,2025-11-10,41650
Bawang Merah Ukuran Sedang,2025-11-11,41600
Bawang Merah Ukuran Sedang,2025-11-12,41500
Bawang Merah Ukuran Sedang,2025-11-13,41550
Bawang Merah Ukuran Sedang,2025-11-14,41550
Bawang Merah Ukuran Sedang,2025-11-17,41800
Bawang Merah Ukuran Sedang,2025-11-18,42200
Bawang Merah Ukuran Sedang,2025-11-19,42050
Bawang Merah Ukuran Sedang,2025-11-20,42200
Bawang Merah Ukuran Sedang,2025-11-21,42500
Bawang Merah Ukuran Sedang,2025-11-24,43000
Bawang Merah Ukuran Sedang,2025-11-25,43250
Bawang Merah Ukuran Sedang,2025-11-26,43600
Bawang Merah Ukuran Sedang,2025-11-27,43750
Bawang Merah Ukuran Sedang,2025-11-28,44850
Bawang Merah Ukuran Sedang,2025-12-01,46900
Bawang Merah Ukuran Sedang,2025-12-02,47750
Bawang Merah Ukuran Sedang,2025-12-03,48150
Bawang Merah Ukuran Sedang,2025-12-04,48400
Bawang Merah Ukuran Sedang,2025-12-05,49250
Bawang Merah Ukuran Sedang,2025-12-08,51550
Bawang Merah Ukuran Sedang,2025-12-09,52000
Bawang Merah Ukuran Sedang,2025-12-10,52600
Bawang Merah Ukuran Sedang,2025-12-11,52500
Bawang Merah Ukuran Sedang,2025-12-12,53250
Bawang Merah Ukuran Sedang,2025-12-15,52950
Bawang Merah Ukuran Sedang,2025-12-16,52900
Bawang Merah Ukuran Sedang,2025-12-17,52850
Bawang Merah Ukuran Sedang,2025-12-18,52900
Bawang Merah Ukuran Sedang,2025-12-19,52900
Beras Kualitas Medium I,2024-01-01,14650
Beras Kualitas Medium I,2024-01-02,14750
Beras Kualitas Medium I,2024-01-03,14750
Beras Kualitas Medium I,2024-01-04,14750
Beras Kualitas Medium I,2024-01-05,14750
Beras Kualitas Medium I,2024-01-08,14750
Beras Kualitas Medium I,2024-01-09,14750
Beras Kualitas Medium I,2024-01-10,14750
Beras Kualitas Medium I,2024-01-11,14750
Beras Kualitas Medium I,2024-01-12,14800
Beras Kualitas Medium I,2024-01-15,14800
Beras Kualitas Medium I,2024-01-16,14800
Beras Kualitas Medium I,2024-01-17,14850
Beras Kualitas Medium I,2024-01-18,14850
Beras Kualitas Medium I,2024-01-19,14850
Beras Kualitas Medium I,2024-01-22,14850
Beras Kualitas Medium I,2024-01-23,14850
Beras Kualitas Medium I,2024-01-24,14850
Beras Kualitas Medium I,2024-01-25,14850
Beras Kualitas Medium I,2024-01-26,14850
Beras Kualitas Medium I,2024-01-29,14900
Beras Kualitas Medium I,2024-01-30,14950
Beras Kualitas Medium I,2024-01-31,14950
Beras Kualitas Medium I,2024-02-01,14950
Beras Kualitas Medium I,2024-02-02,15000
Beras Kualitas Medium I,2024-02-05,15150
Beras Kualitas Medium I,2024-02-06,15150
Beras Kualitas Medium I,2024-02-07,15150
Beras Kualitas Medium I,2024-02-08,15200
Beras Kualitas Medium I,2024-02-09,15150
Beras Kualitas Medium I,2024-02-12,15300
Beras Kualitas Medium I,2024-02-13,15300
Beras Kualitas Medium I,2024-02-14,15200
Beras Kualitas Medium I,2024-02-15,15350
Beras Kualitas Medium I,2024-02-16,15400
Beras Kualitas Medium I,2024-02-19,15500
Beras Kualitas Medium I,2024-02-20,15600
Beras Kualitas Medium I,2024-02-21,15600
Beras Kualitas Medium I,2024-02-22,15650
Beras Kualitas Medium I,2024-02-23,15700
Beras Kualitas Medium I,2024-02-26,15800
Beras Kualitas Medium I,2024-02-27,15850
Beras Kualitas Medium I,2024-02-28,15900
Beras Kualitas Medium I,2024-02-29,15900
Beras Kualitas Medium I,2024-03-01,15950
Beras Kualitas Medium I,2024-03-04,16000
Beras Kualitas Medium I,2024-03-05,16000
Beras Kualitas Medium I,2024-03-06,16000
Beras Kualitas Medium I,2024-03-07,16000
Beras Kualitas Medium I,2024-03-08,16000
Beras Kualitas Medium I,2024-03-11,15950
Beras Kualitas Medium I,2024-03-12,15950
Beras Kualitas Medium I,2024-03-13,16050
Beras Kualitas Medium I,2024-03-14,16000
Beras Kualitas Medium I,2024-03-15,16100
Beras Kualitas Medium I,2024-03-18,16050
Beras Kualitas Medium I,2024-03-19,16100
Beras Kualitas Medium I,2024-03-20,16100
Beras Kualitas Medium I,2024-03-21,16050
Beras Kualitas Medium I,2024-03-22,16050
Beras Kualitas Medium I,2024-03-25,16050
Beras Kualitas Medium I,2024-03-26,15950
Beras Kualitas Medium I,2024-03-27,16000
Beras Kualitas Medium I,2024-03-28,16000
Beras Kualitas Medium I,2024-03-29,16000
Beras Kualitas Medium I,2024-04-01,15950
Beras Kualitas Medium I,2024-04-02,15950
Beras Kualitas Medium I,2024-04-03,15950
Beras Kualitas Medium I,2024-04-04,15900
Beras Kualitas Medium I,2024-04-05,15900
Beras Kualitas Medium I,2024-04-08,15900
Beras Kualitas Medium I,2024-04-09,15900
Beras Kualitas Medium I,2024-04-10,15900
Beras Kualitas Medium I,2024-04-11,15900
Beras Kualitas Medium I,2024-04-12,15900
Beras Kualitas Medium I,2024-04-15,15850
Beras Kualitas Medium I,2024-04-16,15800
Beras Kualitas Medium I,2024-04-17,15800
Beras Kualitas Medium I,2024-04-18,15750
Beras Kualitas Medium I,2024-04-19,15750
Beras Kualitas Medium I,2024-04-22,15700
Beras Kualitas Medium I,2024-04-23,15650
Beras Kualitas Medium I,2024-04-24,15650
Beras Kualitas Medium I,2024-04-25,15600
Beras Kualitas Medium I,2024-04-26,15600
Beras Kualitas Medium I,2024-04-29,15600
Beras Kualitas Medium I,2024-04-30,15600
Beras Kualitas Medium I,2024-05-01,15550
Beras Kualitas Medium I,2024-05-02,15550
Beras Kualitas Medium I,2024-05-03,15550
Beras Kualitas Medium I,2024-05-06,15600
Beras Kualitas Medium I,2024-05-07,15550
Beras Kualitas Medium I,2024-05-08,15550
Beras Kualitas Medium I,2024-05-09,15550
Beras Kualitas Medium I,2024-05-10,15550
Beras Kualitas Medium I,2024-05-13,15550
Beras Kualitas Medium I,2024-05-14,15550
Beras Kualitas Medium I,2024-05-15,15550
Beras Kualitas Medium I,2024-05-16,15500
Beras Kualitas Medium I,2024-05-17,15500
Beras Kualitas Medium I,2024-05-20,15500
Beras Kualitas Medium I,2024-05-21,15500
Beras Kualitas Medium I,2024-05-22,15450
Beras Kualitas Medium I,2024-05-23,15500
Beras Kualitas Medium I,2024-05-24,15500
Beras Kualitas Medium I,2024-05-27,15450
Beras Kualitas Medium I,2024-05-28,15450
Beras Kualitas Medium I,2024-05-29,15450
Beras Kualitas Medium I,2024-05-30,15450
Beras Kualitas Medium I,2024-05-31,15400
Beras Kualitas Medium I,2024-06-03,15450
Beras Kualitas Medium I,2024-06-04,15350
Beras Kualitas Medium I,2024-06-05,15450
Beras Kualitas Medium I,2024-06-06,15400
Beras Kualitas Medium I,2024-06-07,15400
Beras Kualitas Medium I,2024-06-10,15400
Beras Kualitas Medium I,2024-06-11,15400
Beras Kualitas Medium I,2024-06-12,15400
Beras Kualitas Medium I,2024-06-13,15400
Beras Kualitas Medium I,2024-06-14,15400
Beras Kualitas Medium I,2024-06-17,15400
Beras Kualitas Medium I,2024-06-18,15400
Beras Kualitas Medium I,2024-06-19,15400
Beras Kualitas Medium I,2024-06-20,15400
Beras Kualitas Medium I,2024-06-21,15350
Beras Kualitas Medium I,2024-06-24,15400
Beras Kualitas Medium I,2024-06-25,15400
Beras Kualitas Medium I,2024-06-26,15400
Beras Kualitas Medium I,2024-06-27,15350
Beras Kualitas Medium I,2024-06-28,15400
Beras Kualitas Medium I,2024-07-01,15450
Beras Kualitas Medium I,2024-07-02,15450
Beras Kualitas Medium I,2024-07-03,15450
Beras Kualitas Medium I,2024-07-04,15450
Beras Kualitas Medium I,2024-07-05,15450
Beras Kualitas Medium I,2024-07-08,15450
Beras Kualitas Medium I,2024-07-09,15400
Beras Kualitas Medium I,2024-07-10,15450
Beras Kualitas Medium I,2024-07-11,15400
Beras Kualitas Medium I,2024-07-12,15450
Beras Kualitas Medium I,2024-07-15,15450
Beras Kualitas Medium I,2024-07-16,15450
Beras Kualitas Medium I,2024-07-17,15400
Beras Kualitas Medium I,2024-07-18,15350
Beras Kualitas Medium I,2024-07-19,15450
Beras Kualitas Medium I,2024-07-22,15400
Beras Kualitas Medium I,2024-07-23,15450
Beras Kualitas Medium I,2024-07-24,15450
Beras Kualitas Medium I,2024-07-25,15450
Beras Kualitas Medium I,2024-07-26,15450
Beras Kualitas Medium I,2024-07-29,15450
Beras Kualitas Medium I,2024-07-30,15450
Beras Kualitas Medium I,2024-07-31,15450
Beras Kualitas Medium I,2024-08-01,15450
Beras Kualitas Medium I,2024-08-02,15450
Beras Kualitas Medium I,2024-08-05,15450
Beras Kualitas Medium I,2024-08-06,15450
Beras Kualitas Medium I,2024-08-07,15450
Beras Kualitas Medium I,2024-08-08,15400
Beras Kualitas Medium I,2024-08-09,15400
Beras Kualitas Medium I,2024-08-12,15400
Beras Kualitas Medium I,2024-08-13,15400
Beras Kualitas Medium I,2024-08-14,15450
Beras Kualitas Medium I,2024-08-15,15400
Beras Kualitas Medium I,2024-08-16,15400
Beras Kualitas Medium I,2024-08-19,15350
Beras Kualitas Medium I,2024-08-20,15400
Beras Kualitas Medium I,2024-08-21,15400
Beras Kualitas Medium I,2024-08-22,15400
Beras Kualitas Medium I,2024-08-23,15450
Beras Kualitas Medium I,2024-08-26,15400
Beras Kualitas Medium I,2024-08-27,15400
Beras Kualitas Medium I,2024-08-28,15300
Beras Kualitas Medium I,2024-08-29,15400
Beras Kualitas Medium I,2024-08-30,15400
Beras Kualitas Medium I,2024-09-02,15400
Beras Kualitas Medium I,2024-09-03,15400
Beras Kualitas Medium I,2024-09-04,15400
Beras Kualitas Medium I,2024-09-05,15450
Beras Kualitas Medium I,2024-09-06,15400
Beras Kualitas Medium I,2024-09-09,15400
Beras Kualitas Medium I,2024-09-10,15400
Beras Kualitas Medium I,2024-09-11,15400
Beras Kualitas Medium I,2024-09-12,15400
Beras Kualitas Medium I,2024-09-13,15400
Beras Kualitas Medium I,2024-09-16,15250
Beras Kualitas Medium I,2024-09-17,15400
Beras Kualitas Medium I,2024-09-18,15400
Beras Kualitas Medium I,2024-09-19,15400
Beras Kualitas Medium I,2024-09-20,15400
Beras Kualitas Medium I,2024-09-23,15350
Beras Kualitas Medium I,2024-09-24,15400
Beras Kualitas Medium I,2024-09-25,15400
Beras Kualitas Medium I,2024-09-26,15400
Beras Kualitas Medium I,2024-09-27,15400
Beras Kualitas Medium I,2024-09-30,15400
Beras Kualitas Medium I,2024-10-01,15400
Beras Kualitas Medium I,2024-10-02,15400
Beras Kualitas Medium I,2024-10-03,15350
Beras Kualitas Medium I,2024-10-04,15400
Beras Kualitas Medium I,2024-10-07,15400
Beras Kualitas Medium I,2024-10-08,15400
Beras Kualitas Medium I,2024-10-09,15400
Beras Kualitas Medium I,2024-10-10,15300
Beras Kualitas Medium I,2024-10-11,15350
Beras Kualitas Medium I,2024-10-14,15350
Beras Kualitas Medium I,2024-10-15,15400
Beras Kualitas Medium I,2024-10-16,15350
Beras Kualitas Medium I,2024-10-17,15300
Beras Kualitas Medium I,2024-10-18,15350
Beras Kualitas Medium I,2024-10-21,15350
Beras Kualitas Medium I,2024-10-22,15300
Beras Kualitas Medium I,2024-10-23,15350
Beras Kualitas Medium I,2024-10-24,15350
Beras Kualitas Medium I,2024-10-25,15350
Beras Kualitas Medium I,2024-10-28,15350
Beras Kualitas Medium I,2024-10-29,15350
Beras Kualitas Medium I,2024-10-30,15350
Beras Kualitas Medium I,2024-10-31,15350
Beras Kualitas Medium I,2024-11-01,15350
Beras Kualitas Medium I,2024-11-04,15350
Beras Kualitas Medium I,2024-11-05,15350
Beras Kualitas Medium I,2024-11-06,15350
Beras Kualitas Medium I,2024-11-07,15300
Beras Kualitas Medium I,2024-11-08,15350
Beras Kualitas Medium I,2024-11-11,15300
Beras Kualitas Medium I,2024-11-12,15300
Beras Kualitas Medium I,2024-11-13,15300
Beras Kualitas Medium I,2024-11-14,15300
Beras Kualitas Medium I,2024-11-15,15300
Beras Kualitas Medium I,2024-11-18,15250
Beras Kualitas Medium I,2024-11-19,15250
Beras Kualitas Medium I,2024-11-20,15300
Beras Kualitas Medium I,2024-11-21,15300
Beras Kualitas Medium I,2024-11-22,15300
Beras Kualitas Medium I,2024-11-25,15300
Beras Kualitas Medium I,2024-11-26,15300
Beras Kualitas Medium I,2024-11-27,14950
Beras Kualitas Medium I,2024-11-28,15300
Beras Kualitas Medium I,2024-11-29,15300
Beras Kualitas Medium I,2024-12-02,15300
Beras Kualitas Medium I,2024-12-03,15300
Beras Kualitas Medium I,2024-12-04,15300
Beras Kualitas Medium I,2024-12-05,15300
Beras Kualitas Medium I,2024-12-06,15300
Beras Kualitas Medium I,2024-12-09,15300
Beras Kualitas Medium I,2024-12-10,15300
Beras Kualitas Medium I,2024-12-11,15300
Beras Kualitas Medium I,2024-12-12,15300
Beras Kualitas Medium I,2024-12-13,15250
Beras Kualitas Medium I,2024-12-16,15300
Beras Kualitas Medium I,2024-12-17,15200
Beras Kualitas Medium I,2024-12-18,15250
Beras Kualitas Medium I,2024-12-19,15250
Beras Kualitas Medium I,2024-12-20,15300
Beras Kualitas Medium I,2024-12-23,15300
Beras Kualitas Medium I,2024-12-24,15300
Beras Kualitas Medium I,2024-12-25,15150
Beras Kualitas Medium I,2024-12-26,15150
Beras Kualitas Medium I,2024-12-27,15300
Beras Kualitas Medium I,2024-12-30,15300
Beras Kualitas Medium I,2024-12-31,15300
Beras Kualitas Medium I,2025-01-01,15100
Beras Kualitas Medium I,2025-01-02,15300
Beras Kualitas Medium I,2025-01-03,15300
Beras Kualitas Medium I,2025-01-06,15300
Beras Kualitas Medium I,2025-01-07,15300
Beras Kualitas Medium I,2025-01-08,15300
Beras Kualitas Medium I,2025-01-09,15300
Beras Kualitas Medium I,2025-01-10,15300
Beras Kualitas Medium I,2025-01-13,15300
Beras Kualitas Medium I,2025-01-14,15300
Beras Kualitas Medium I,2025-01-15,15300
Beras Kualitas Medium I,2025-01-16,15300
Beras Kualitas Medium I,2025-01-17,15300
Beras Kualitas Medium I,2025-01-20,15300
Beras Kualitas Medium I,2025-01-21,15300
Beras Kualitas Medium I,2025-01-22,15300
Beras Kualitas Medium I,2025-01-23,15300
Beras Kualitas Medium I,2025-01-24,15300
Beras Kualitas Medium I,2025-01-27,15200
Beras Kualitas Medium I,2025-01-28,15150
Beras Kualitas Medium I,2025-01-29,15150
Beras Kualitas Medium I,2025-01-30,15300
Beras Kualitas Medium I,2025-01-31,15300
Beras Kualitas Medium I,2025-02-03,15300
Beras Kualitas Medium I,2025-02-04,15300
Beras Kualitas Medium I,2025-02-05,15300
Beras Kualitas Medium I,2025-02-06,15300
Beras Kualitas Medium I,2025-02-07,15300
Beras Kualitas Medium I,2025-02-10,15300
Beras Kualitas Medium I,2025-02-11,15300
Beras Kualitas Medium I,2025-02-12,15300
Beras Kualitas Medium I,2025-02-13,15300
Beras Kualitas Medium I,2025-02-14,15300
Beras Kualitas Medium I,2025-02-17,15300
Beras Kualitas Medium I,2025-02-18,15350
Beras Kualitas Medium I,2025-02-19,15300
Beras Kualitas Medium I,2025-02-20,15300
Beras Kualitas Medium I,2025-02-21,15350
Beras Kualitas Medium I,2025-02-24,15300
Beras Kualitas Medium I,2025-02-25,15300
Beras Kualitas Medium I,2025-02-26,15300
Beras Kualitas Medium I,2025-02-27,15300
Beras Kualitas Medium I,2025-02-28,15250
Beras Kualitas Medium I,2025-03-03,15350
Beras Kualitas Medium I,2025-03-04,15350
Beras Kualitas Medium I,2025-03-05,15350
Beras Kualitas Medium I,2025-03-06,15350
Beras Kualitas Medium I,2025-03-07,15350
Beras Kualitas Medium I,2025-03-10,15350
Beras Kualitas Medium I,2025-03-11,15350
Beras Kualitas Medium I,2025-03-12,15350
Beras Kualitas Medium I,2025-03-13,15300
Beras Kualitas Medium I,2025-03-14,15300
Beras Kualitas Medium I,2025-03-17,15350
Beras Kualitas Medium I,2025-03-18,15350
Beras Kualitas Medium I,2025-03-19,15350
Beras Kualitas Medium I,2025-03-20,15400
Beras Kualitas Medium I,2025-03-21,15350
Beras Kualitas Medium I,2025-03-24,15400
Beras Kualitas Medium I,2025-03-25,15400
Beras Kualitas Medium I,2025-03-26,15400
Beras Kualitas Medium I,2025-03-27,15350
Beras Kualitas Medium I,2025-03-28,15250
Beras Kualitas Medium I,2025-03-31,15200
Beras Kualitas Medium I,2025-04-01,15400
Beras Kualitas Medium I,2025-04-02,15400
Beras Kualitas Medium I,2025-04-03,15400
Beras Kualitas Medium I,2025-04-04,15400
Beras Kualitas Medium I,2025-04-07,15400
Beras Kualitas Medium I,2025-04-08,15400
Beras Kualitas Medium I,2025-04-09,15400
Beras Kualitas Medium I,2025-04-10,15400
Beras Kualitas Medium I,2025-04-11,15400
Beras Kualitas Medium I,2025-04-14,15400
Beras Kualitas Medium I,2025-04-15,15400
Beras Kualitas Medium I,2025-04-16,15400
Beras Kualitas Medium I,2025-04-17,15400
Beras Kualitas Medium I,2025-04-18,15400
Beras Kualitas Medium I,2025-04-21,15400
Beras Kualitas Medium I,2025-04-22,15400
Beras Kualitas Medium I,2025-04-23,15400
Beras Kualitas Medium I,2025-04-24,15400
Beras Kualitas Medium I,2025-04-25,15400
Beras Kualitas Medium I,2025-04-28,15400
Beras Kualitas Medium I,2025-04-29,15350
Beras Kualitas Medium I,2025-04-30,15350
Beras Kualitas Medium I,2025-05-01,15400
Beras Kualitas Medium I,2025-05-02,15400
Beras Kualitas Medium I,2025-05-05,15400
Beras Kualitas Medium I,2025-05-06,15400
Beras Kualitas Medium I,2025-05-07,15400
Beras Kualitas Medium I,2025-05-08,15400
Beras Kualitas Medium I,2025-05-09,15400
Beras Kualitas Medium I,2025-05-12,15400
Beras Kualitas Medium I,2025-05-13,15400
Beras Kualitas Medium I,2025-05-14,15400
Beras Kualitas Medium I,2025-05-15,15400
Beras Kualitas Medium I,2025-05-16,15400
Beras Kualitas Medium I,2025-05-19,15400
Beras Kualitas Medium I,2025-05-20,15450
Beras Kualitas Medium I,2025-05-21,15450
Beras Kualitas Medium I,2025-05-22,15450
Beras Kualitas Medium I,2025-05-23,15450
Beras Kualitas Medium I,2025-05-26,15500
Beras Kualitas Medium I,2025-05-27,15500
Beras Kualitas Medium I,2025-05-28,15500
Beras Kualitas Medium I,2025-05-29,15500
Beras Kualitas Medium I,2025-05-30,15500
Beras Kualitas Medium I,2025-06-02,15500
Beras Kualitas Medium I,2025-06-03,15500
Beras Kualitas Medium I,2025-06-04,15550
Beras Kualitas Medium I,2025-06-05,15500
Beras Kualitas Medium I,2025-06-06,15550
Beras Kualitas Medium I,2025-06-09,15550
Beras Kualitas Medium I,2025-06-10,15550
Beras Kualitas Medium I,2025-06-11,15550
Beras Kualitas Medium I,2025-06-12,15550
Beras Kualitas Medium I,2025-06-13,15600
Beras Kualitas Medium I,2025-06-16,15600
Beras Kualitas Medium I,2025-06-17,15600
Beras Kualitas Medium I,2025-06-18,15600
Beras Kualitas Medium I,2025-06-19,15600
Beras Kualitas Medium I,2025-06-20,15650
Beras Kualitas Medium I,2025-06-23,15650
Beras Kualitas Medium I,2025-06-24,15650
Beras Kualitas Medium I,2025-06-25,15650
Beras Kualitas Medium I,2025-06-26,15700
Beras Kualitas Medium I,2025-06-27,15700
Beras Kualitas Medium I,2025-06-30,15700
Beras Kualitas Medium I,2025-07-01,15750
Beras Kualitas Medium I,2025-07-02,15750
Beras Kualitas Medium I,2025-07-03,15800
Beras Kualitas Medium I,2025-07-04,15800
Beras Kualitas Medium I,2025-07-07,15800
Beras Kualitas Medium I,2025-07-08,15800
Beras Kualitas Medium I,2025-07-09,15850
Beras Kualitas Medium I,2025-07-10,15850
Beras Kualitas Medium I,2025-07-11,15850
Beras Kualitas Medium I,2025-07-14,15900
Beras Kualitas Medium I,2025-07-15,15900
Beras Kualitas Medium I,2025-07-16,15900
Beras Kualitas Medium I,2025-07-17,15900
Beras Kualitas Medium I,2025-07-18,15950
Beras Kualitas Medium I,2025-07-21,16000
Beras Kualitas Medium I,2025-07-22,16000
Beras Kualitas Medium I,2025-07-23,16000
Beras Kualitas Medium I,2025-07-24,16000
Beras Kualitas Medium I,2025-07-25,16000
Beras Kualitas Medium I,2025-07-28,16000
Beras Kualitas Medium I,2025-07-29,16050
Beras Kualitas Medium I,2025-07-30,16000
Beras Kualitas Medium I,2025-07-31,16050
Beras Kualitas Medium I,2025-08-01,16050
Beras Kualitas Medium I,2025-08-04,16000
Beras Kualitas Medium I,2025-08-05,16050
Beras Kualitas Medium I,2025-08-06,16050
Beras Kualitas Medium I,2025-08-07,16050
Beras Kualitas Medium I,2025-08-08,16050
Beras Kualitas Medium I,2025-08-11,16050
Beras Kualitas Medium I,2025-08-12,16050
Beras Kualitas Medium I,2025-08-13,16050
Beras Kualitas Medium I,2025-08-14,16050
Beras Kualitas Medium I,2025-08-15,16050
Beras Kualitas Medium I,2025-08-18,16050
Beras Kualitas Medium I,2025-08-19,16050
Beras Kualitas Medium I,2025-08-20,16050
Beras Kualitas Medium I,2025-08-21,16050
Beras Kualitas Medium I,2025-08-22,16050
Beras Kualitas Medium I,2025-08-25,16050
Beras Kualitas Medium I,2025-08-26,16050
Beras Kualitas Medium I,2025-08-27,16050
Beras Kualitas Medium I,2025-08-28,16050
Beras Kualitas Medium I,2025-08-29,16050
Beras Kualitas Medium I,2025-09-01,16050
Beras Kualitas Medium I,2025-09-02,16050
Beras Kualitas Medium I,2025-09-03,16050
Beras Kualitas Medium I,2025-09-04,16050
Beras Kualitas Medium I,2025-09-05,16050
Beras Kualitas Medium I,2025-09-08,16050
Beras Kualitas Medium I,2025-09-09,16050
Beras Kualitas Medium I,2025-09-10,16050
Beras Kualitas Medium I,2025-09-11,16050
Beras Kualitas Medium I,2025-09-12,16050
Beras Kualitas Medium I,2025-09-15,16050
Beras Kualitas Medium I,2025-09-16,16050
Beras Kualitas Medium I,2025-09-17,16050
Beras Kualitas Medium I,2025-09-18,16050
Beras Kualitas Medium I,2025-09-19,16050
Beras Kualitas Medium I,2025-09-22,16050
Beras Kualitas Medium I,2025-09-23,16050
Beras Kualitas Medium I,2025-09-24,16050
Beras Kualitas Medium I,2025-09-25,16050
Beras Kualitas Medium I,2025-09-26,16050
Beras Kualitas Medium I,2025-09-29,16050
Beras Kualitas Medium I,2025-09-30,16050
Beras Kualitas Medium I,2025-10-01,16000
Beras Kualitas Medium I,2025-10-02,16000
Beras Kualitas Medium I,2025-10-03,16000
Beras Kualitas Medium I,2025-10-06,16000
Beras Kualitas Medium I,2025-10-07,16000
Beras Kualitas Medium I,2025-10-08,16000
Beras Kualitas Medium I,2025-10-09,16000
Beras Kualitas Medium I,2025-10-10,16000
Beras Kualitas Medium I,2025-10-13,16000
Beras Kualitas Medium I,2025-10-14,15950
Beras Kualitas Medium I,2025-10-15,15950
Beras Kualitas Medium I,2025-10-16,15950
Beras Kualitas Medium I,2025-10-17,15950
Beras Kualitas Medium I,2025-10-20,15950
Beras Kualitas Medium I,2025-10-21,15950
Beras Kualitas Medium I,2025-10-22,15950
Beras Kualitas Medium I,2025-10-23,15950
Beras Kualitas Medium I,2025-10-24,15950
Beras Kualitas Medium I,2025-10-27,15950
Beras Kualitas Medium I,2025-10-28,15950
Beras Kualitas Medium I,2025-10-29,15950
Beras Kualitas Medium I,2025-10-30,15950
Beras Kualitas Medium I,2025-10-31,15900
Beras Kualitas Medium I,2025-11-03,15900
Beras Kualitas Medium I,2025-11-04,15900
Beras Kualitas Medium I,2025-11-05,15900
Beras Kualitas Medium I,2025-11-06,15900
Beras Kualitas Medium I,2025-11-07,15900
Beras Kualitas Medium I,2025-11-10,15900
Beras Kualitas Medium I,2025-11-11,15900
Beras Kualitas Medium I,2025-11-12,15900
Beras Kualitas Medium I,2025-11-13,15900
Beras Kualitas Medium I,2025-11-14,15900
Beras Kualitas Medium I,2025-11-17,15900
Beras Kualitas Medium I,2025-11-18,15850
Beras Kualitas Medium I,2025-11-19,15850
Beras Kualitas Medium I,2025-11-20,15850
Beras Kualitas Medium I,2025-11-21,15850
Beras Kualitas Medium I,2025-11-24,15850
Beras Kualitas Medium I,2025-11-25,15850
Beras Kualitas Medium I,2025-11-26,15850
Beras Kualitas Medium I,2025-11-27,15900
Beras Kualitas Medium I,2025-11-28,15850
Beras Kualitas Medium I,2025-12-01,15850
Beras Kualitas Medium I,2025-12-02,15850
Beras Kualitas Medium I,2025-12-03,15850
Beras Kualitas Medium I,2025-12-04,15800
Beras Kualitas Medium I,2025-12-05,15850
Beras Kualitas Medium I,2025-12-08,15850
Beras Kualitas Medium I,2025-12-09,15900
Beras Kualitas Medium I,2025-12-10,15900
Beras Kualitas Medium I,2025-12-11,15900
Beras Kualitas Medium I,2025-12-12,15850
Beras Kualitas Medium I,2025-12-15,15900
Beras Kualitas Medium I,2025-12-16,15900
Beras Kualitas Medium I,2025-12-17,15900
Beras Kualitas Medium I,2025-12-18,15900
Beras Kualitas Medium I,2025-12-19,15900
Cabai Merah Keriting,2024-01-01,59950
Cabai Merah Keriting,2024-01-02,66250
Cabai Merah Keriting,2024-01-03,63850
Cabai Merah Keriting,2024-01-04,62600
Cabai Merah Keriting,2024-01-05,60950
Cabai Merah Keriting,2024-01-08,57850
Cabai Merah Keriting,2024-01-09,57250
Cabai Merah Keriting,2024-01-10,56650
Cabai Merah Keriting,2024-01-11,56150
Cabai Merah Keriting,2024-01-12,53800
Cabai Merah Keriting,2024-01-15,53550
Cabai Merah Keriting,2024-01-16,53700
Cabai Merah Keriting,2024-01-17,53950
Cabai Merah Keriting,2024-01-18,53650
Cabai Merah Keriting,2024-01-19,53250
Cabai Merah Keriting,2024-01-22,54350
Cabai Merah Keriting,2024-01-23,54900
Cabai Merah Keriting,2024-01-24,55100
Cabai Merah Keriting,2024-01-25,54500
Cabai Merah Keriting,2024-01-26,53850
Cabai Merah Keriting,2024-01-29,53000
Cabai Merah Keriting,2024-01-30,52700
Cabai Merah Keriting,2024-01-31,52100
Cabai Merah Keriting,2024-02-01,52000
Cabai Merah Keriting,2024-02-02,52650
Cabai Merah Keriting,2024-02-05,54600
Cabai Merah Keriting,2024-02-06,55200
Cabai Merah Keriting,2024-02-07,56200
Cabai Merah Keriting,2024-02-08,56250
Cabai Merah Keriting,2024-02-09,55750
Cabai Merah Keriting,2024-02-12,57650
Cabai Merah Keriting,2024-02-13,58500
Cabai Merah Keriting,2024-02-14,58600
Cabai Merah Keriting,2024-02-15,61350
Cabai Merah Keriting,2024-02-16,63550
Cabai Merah Keriting,2024-02-19,67250
Cabai Merah Keriting,2024-02-20,68750
Cabai Merah Keriting,2024-02-21,69050
Cabai Merah Keriting,2024-02-22,70450
Cabai Merah Keriting,2024-02-23,71550
Cabai Merah Keriting,2024-02-26,71450
Cabai Merah Keriting,2024-02-27,71850
Cabai Merah Keriting,2024-02-28,70950
Cabai Merah Keriting,2024-02-29,70050
Cabai Merah Keriting,2024-03-01,68400
Cabai Merah Keriting,2024-03-04,67100
Cabai Merah Keriting,2024-03-05,66800
Cabai Merah Keriting,2024-03-06,66550
Cabai Merah Keriting,2024-03-07,66150
Cabai Merah Keriting,2024-03-08,66750
Cabai Merah Keriting,2024-03-11,66700
Cabai Merah Keriting,2024-03-12,66750
Cabai Merah Keriting,2024-03-13,72950
Cabai Merah Keriting,2024-03-14,72500
Cabai Merah Keriting,2024-03-15,70700
Cabai Merah Keriting,2024-03-18,59800
Cabai Merah Keriting,2024-03-19,57050
Cabai Merah Keriting,2024-03-20,54950
Cabai Merah Keriting,2024-03-21,53000
Cabai Merah Keriting,2024-03-22,51150
Cabai Merah Keriting,2024-03-25,48350
Cabai Merah Keriting,2024-03-26,47850
Cabai Merah Keriting,2024-03-27,47500
Cabai Merah Keriting,2024-03-28,47050
Cabai Merah Keriting,2024-03-29,46750
Cabai Merah Keriting,2024-04-01,48450
Cabai Merah Keriting,2024-04-02,49400
Cabai Merah Keriting,2024-04-03,49200
Cabai Merah Keriting,2024-04-04,49300
Cabai Merah Keriting,2024-04-05,50350
Cabai Merah Keriting,2024-04-08,51450
Cabai Merah Keriting,2024-04-09,51550
Cabai Merah Keriting,2024-04-10,50900
Cabai Merah Keriting,2024-04-11,50850
Cabai Merah Keriting,2024-04-12,50950
Cabai Merah Keriting,2024-04-15,51000
Cabai Merah Keriting,2024-04-16,49950
Cabai Merah Keriting,2024-04-17,48700
Cabai Merah Keriting,2024-04-18,48050
Cabai Merah Keriting,2024-04-19,47400
Cabai Merah Keriting,2024-04-22,46950
Cabai Merah Keriting,2024-04-23,47750
Cabai Merah Keriting,2024-04-24,47750
Cabai Merah Keriting,2024-04-25,47650
Cabai Merah Keriting,2024-04-26,48750
Cabai Merah Keriting,2024-04-29,52150
Cabai Merah Keriting,2024-04-30,52200
Cabai Merah Keriting,2024-05-01,51650
Cabai Merah Keriting,2024-05-02,53200
Cabai Merah Keriting,2024-05-03,53350
Cabai Merah Keriting,2024-05-06,51950
Cabai Merah Keriting,2024-05-07,51550
Cabai Merah Keriting,2024-05-08,50750
Cabai Merah Keriting,2024-05-09,51200
Cabai Merah Keriting,2024-05-10,51150
Cabai Merah Keriting,2024-05-13,49750
Cabai Merah Keriting,2024-05-14,49650
Cabai Merah Keriting,2024-05-15,50300
Cabai Merah Keriting,2024-05-16,49800
Cabai Merah Keriting,2024-05-17,50600
Cabai Merah Keriting,2024-05-20,50500
Cabai Merah Keriting,2024-05-21,50600
Cabai Merah Keriting,2024-05-22,50450
Cabai Merah Keriting,2024-05-23,50600
Cabai Merah Keriting,2024-05-24,50600
Cabai Merah Keriting,2024-05-27,50700
Cabai Merah Keriting,2024-05-28,51650
Cabai Merah Keriting,2024-05-29,52400
Cabai Merah Keriting,2024-05-30,52150
Cabai Merah Keriting,2024-05-31,51950
Cabai Merah Keriting,2024-06-03,53500
Cabai Merah Keriting,2024-06-04,53700
Cabai Merah Keriting,2024-06-05,55050
Cabai Merah Keriting,2024-06-06,54400
Cabai Merah Keriting,2024-06-07,54850
Cabai Merah Keriting,2024-06-10,57550
Cabai Merah Keriting,2024-06-11,58750
Cabai Merah Keriting,2024-06-12,60400
Cabai Merah Keriting,2024-06-13,61750
Cabai Merah Keriting,2024-06-14,63600
Cabai Merah Keriting,2024-06-17,63600
Cabai Merah Keriting,2024-06-18,63400
Cabai Merah Keriting,2024-06-19,69400
Cabai Merah Keriting,2024-06-20,69250
Cabai Merah Keriting,2024-06-21,66700
Cabai Merah Keriting,2024-06-24,62100
Cabai Merah Keriting,2024-06-25,59750
Cabai Merah Keriting,2024-06-26,57300
Cabai Merah Keriting,2024-06-27,55550
Cabai Merah Keriting,2024-06-28,54100
Cabai Merah Keriting,2024-07-01,51750
Cabai Merah Keriting,2024-07-02,51550
Cabai Merah Keriting,2024-07-03,51500
Cabai Merah Keriting,2024-07-04,51900
Cabai Merah Keriting,2024-07-05,52450
Cabai Merah Keriting,2024-07-08,52300
Cabai Merah Keriting,2024-07-09,52800
Cabai Merah Keriting,2024-07-10,52750
Cabai Merah Keriting,2024-07-11,52300
Cabai Merah Keriting,2024-07-12,51150
Cabai Merah Keriting,2024-07-15,51200
Cabai Merah Keriting,2024-07-16,50700
Cabai Merah Keriting,2024-07-17,50850
Cabai Merah Keriting,2024-07-18,51650
Cabai Merah Keriting,2024-07-19,51200
Cabai Merah Keriting,2024-07-22,51650
Cabai Merah Keriting,2024-07-23,52250
Cabai Merah Keriting,2024-07-24,52200
Cabai Merah Keriting,2024-07-25,50700
Cabai Merah Keriting,2024-07-26,50600
Cabai Merah Keriting,2024-07-29,50850
Cabai Merah Keriting,2024-07-30,50350
Cabai Merah Keriting,2024-07-31,50200
Cabai Merah Keriting,2024-08-01,50000
Cabai Merah Keriting,2024-08-02,49450
Cabai Merah Keriting,2024-08-05,50750
Cabai Merah Keriting,2024-08-06,50300
Cabai Merah Keriting,2024-08-07,50550
Cabai Merah Keriting,2024-08-08,51200
Cabai Merah Keriting,2024-08-09,51500
Cabai Merah Keriting,2024-08-12,50900
Cabai Merah Keriting,2024-08-13,50650
Cabai Merah Keriting,2024-08-14,50650
Cabai Merah Keriting,2024-08-15,50300
Cabai Merah Keriting,2024-08-16,50000
Cabai Merah Keriting,2024-08-19,50500
Cabai Merah Keriting,2024-08-20,50250
Cabai Merah Keriting,2024-08-21,49850
Cabai Merah Keriting,2024-08-22,49600
Cabai Merah Keriting,2024-08-23,48850
Cabai Merah Keriting,2024-08-26,48000
Cabai Merah Keriting,2024-08-27,47050
Cabai Merah Keriting,2024-08-28,46650
Cabai Merah Keriting,2024-08-29,46400
Cabai Merah Keriting,2024-08-30,45800
Cabai Merah Keriting,2024-09-02,44200
Cabai Merah Keriting,2024-09-03,43900
Cabai Merah Keriting,2024-09-04,43450
Cabai Merah Keriting,2024-09-05,42250
Cabai Merah Keriting,2024-09-06,42350
Cabai Merah Keriting,2024-09-09,41100
Cabai Merah Keriting,2024-09-10,40450
Cabai Merah Keriting,2024-09-11,39650
Cabai Merah Keriting,2024-09-12,39400
Cabai Merah Keriting,2024-09-13,39300
Cabai Merah Keriting,2024-09-16,36950
Cabai Merah Keriting,2024-09-17,39100
Cabai Merah Keriting,2024-09-18,39500
Cabai Merah Keriting,2024-09-19,39400
Cabai Merah Keriting,2024-09-20,39500
Cabai Merah Keriting,2024-09-23,37550
Cabai Merah Keriting,2024-09-24,38150
Cabai Merah Keriting,2024-09-25,37550
Cabai Merah Keriting,2024-09-26,37400
Cabai Merah Keriting,2024-09-27,36800
Cabai Merah Keriting,2024-09-30,36350
Cabai Merah Keriting,2024-10-01,36500
Cabai Merah Keriting,2024-10-02,36550
Cabai Merah Keriting,2024-10-03,36250
Cabai Merah Keriting,2024-10-04,35850
Cabai Merah Keriting,2024-10-07,35150
Cabai Merah Keriting,2024-10-08,35050
Cabai Merah Keriting,2024-10-09,35200
Cabai Merah Keriting,2024-10-10,34100
Cabai Merah Keriting,2024-10-11,34850
Cabai Merah Keriting,2024-10-14,35050
Cabai Merah Keriting,2024-10-15,34700
Cabai Merah Keriting,2024-10-16,34850
Cabai Merah Keriting,2024-10-17,33950
Cabai Merah Keriting,2024-10-18,34900
Cabai Merah Keriting,2024-10-21,35750
Cabai Merah Keriting,2024-10-22,35500
Cabai Merah Keriting,2024-10-23,35450
Cabai Merah Keriting,2024-10-24,35200
Cabai Merah Keriting,2024-10-25,35050
Cabai Merah Keriting,2024-10-28,34400
Cabai Merah Keriting,2024-10-29,34000
Cabai Merah Keriting,2024-10-30,33300
Cabai Merah Keriting,2024-10-31,33300
Cabai Merah Keriting,2024-11-01,33150
Cabai Merah Keriting,2024-11-04,32800
Cabai Merah Keriting,2024-11-05,32600
Cabai Merah Keriting,2024-11-06,32900
Cabai Merah Keriting,2024-11-07,32200
Cabai Merah Keriting,2024-11-08,32750
Cabai Merah Keriting,2024-11-11,32800
Cabai Merah Keriting,2024-11-12,32950
Cabai Merah Keriting,2024-11-13,32800
Cabai Merah Keriting,2024-11-14,32650
Cabai Merah Keriting,2024-11-15,33050
Cabai Merah Keriting,2024-11-18,33050
Cabai Merah Keriting,2024-11-19,33550
Cabai Merah Keriting,2024-11-20,33750
Cabai Merah Keriting,2024-11-21,34150
Cabai Merah Keriting,2024-11-22,34200
Cabai Merah Keriting,2024-11-25,34150
Cabai Merah Keriting,2024-11-26,33750
Cabai Merah Keriting,2024-11-27,31000
Cabai Merah Keriting,2024-11-28,34350
Cabai Merah Keriting,2024-11-29,34350
Cabai Merah Keriting,2024-12-02,34450
Cabai Merah Keriting,2024-12-03,34400
Cabai Merah Keriting,2024-12-04,34400
Cabai Merah Keriting,2024-12-05,34450
Cabai Merah Keriting,2024-12-06,34650
Cabai Merah Keriting,2024-12-09,35100
Cabai Merah Keriting,2024-12-10,35550
Cabai Merah Keriting,2024-12-11,36200
Cabai Merah Keriting,2024-12-12,36550
Cabai Merah Keriting,2024-12-13,36000
Cabai Merah Keriting,2024-12-16,38450
Cabai Merah Keriting,2024-12-17,39300
Cabai Merah Keriting,2024-12-18,39950
Cabai Merah Keriting,2024-12-19,40250
Cabai Merah Keriting,2024-12-20,41150
Cabai Merah Keriting,2024-12-23,45700
Cabai Merah Keriting,2024-12-24,48250
Cabai Merah Keriting,2024-12-25,47450
Cabai Merah Keriting,2024-12-26,48350
Cabai Merah Keriting,2024-12-27,53400
Cabai Merah Keriting,2024-12-30,58100
Cabai Merah Keriting,2024-12-31,58500
Cabai Merah Keriting,2025-01-01,57400
Cabai Merah Keriting,2025-01-02,59900
Cabai Merah Keriting,2025-01-03,59800
Cabai Merah Keriting,2025-01-06,58150
Cabai Merah Keriting,2025-01-07,57950
Cabai Merah Keriting,2025-01-08,57500
Cabai Merah Keriting,2025-01-09,57200
Cabai Merah Keriting,2025-01-10,57350
Cabai Merah Keriting,2025-01-13,58150
Cabai Merah Keriting,2025-01-14,58650
Cabai Merah Keriting,2025-01-15,56600
Cabai Merah Keriting,2025-01-16,56850
Cabai Merah Keriting,2025-01-17,58100
Cabai Merah Keriting,2025-01-20,59300
Cabai Merah Keriting,2025-01-21,58900
Cabai Merah Keriting,2025-01-22,58700
Cabai Merah Keriting,2025-01-23,58500
Cabai Merah Keriting,2025-01-24,59200
Cabai Merah Keriting,2025-01-27,59300
Cabai Merah Keriting,2025-01-28,59200
Cabai Merah Keriting,2025-01-29,59200
Cabai Merah Keriting,2025-01-30,60250
Cabai Merah Keriting,2025-01-31,60650
Cabai Merah Keriting,2025-02-03,60800
Cabai Merah Keriting,2025-02-04,60400
Cabai Merah Keriting,2025-02-05,59700
Cabai Merah Keriting,2025-02-06,59400
Cabai Merah Keriting,2025-02-07,58150
Cabai Merah Keriting,2025-02-10,56100
Cabai Merah Keriting,2025-02-11,54950
Cabai Merah Keriting,2025-02-12,54450
Cabai Merah Keriting,2025-02-13,53950
Cabai Merah Keriting,2025-02-14,53400
Cabai Merah Keriting,2025-02-17,53050
Cabai Merah Keriting,2025-02-18,53800
Cabai Merah Keriting,2025-02-19,53300
Cabai Merah Keriting,2025-02-20,53650
Cabai Merah Keriting,2025-02-21,55000
Cabai Merah Keriting,2025-02-24,56850
Cabai Merah Keriting,2025-02-25,57600
Cabai Merah Keriting,2025-02-26,58300
Cabai Merah Keriting,2025-02-27,59350
Cabai Merah Keriting,2025-02-28,59900
Cabai Merah Keriting,2025-03-03,68350
Cabai Merah Keriting,2025-03-04,67350
Cabai Merah Keriting,2025-03-05,66500
Cabai Merah Keriting,2025-03-06,64300
Cabai Merah Keriting,2025-03-07,61850
Cabai Merah Keriting,2025-03-10,58450
Cabai Merah Keriting,2025-03-11,57000
Cabai Merah Keriting,2025-03-12,55900
Cabai Merah Keriting,2025-03-13,54350
Cabai Merah Keriting,2025-03-14,54250
Cabai Merah Keriting,2025-03-17,54700
Cabai Merah Keriting,2025-03-18,54750
Cabai Merah Keriting,2025-03-19,54550
Cabai Merah Keriting,2025-03-20,54900
Cabai Merah Keriting,2025-03-21,54850
Cabai Merah Keriting,2025-03-24,58400
Cabai Merah Keriting,2025-03-25,59850
Cabai Merah Keriting,2025-03-26,62450
Cabai Merah Keriting,2025-03-27,65450
Cabai Merah Keriting,2025-03-28,64450
Cabai Merah Keriting,2025-03-31,64100
Cabai Merah Keriting,2025-04-01,66200
Cabai Merah Keriting,2025-04-02,66150
Cabai Merah Keriting,2025-04-03,65950
Cabai Merah Keriting,2025-04-04,66000
Cabai Merah Keriting,2025-04-07,65650
Cabai Merah Keriting,2025-04-08,62800
Cabai Merah Keriting,2025-04-09,62100
Cabai Merah Keriting,2025-04-10,62400
Cabai Merah Keriting,2025-04-11,61900
Cabai Merah Keriting,2025-04-14,62750
Cabai Merah Keriting,2025-04-15,63100
Cabai Merah Keriting,2025-04-16,63150
Cabai Merah Keriting,2025-04-17,63350
Cabai Merah Keriting,2025-04-18,63350
Cabai Merah Keriting,2025-04-21,64550
Cabai Merah Keriting,2025-04-22,64800
Cabai Merah Keriting,2025-04-23,64150
Cabai Merah Keriting,2025-04-24,63700
Cabai Merah Keriting,2025-04-25,62450
Cabai Merah Keriting,2025-04-28,61300
Cabai Merah Keriting,2025-04-29,60600
Cabai Merah Keriting,2025-04-30,60350
Cabai Merah Keriting,2025-05-01,60350
Cabai Merah Keriting,2025-05-02,59200
Cabai Merah Keriting,2025-05-05,58750
Cabai Merah Keriting,2025-05-06,58050
Cabai Merah Keriting,2025-05-07,57900
Cabai Merah Keriting,2025-05-08,57700
Cabai Merah Keriting,2025-05-09,57150
Cabai Merah Keriting,2025-05-12,57050
Cabai Merah Keriting,2025-05-13,56900
Cabai Merah Keriting,2025-05-14,56600
Cabai Merah Keriting,2025-05-15,56200
Cabai Merah Keriting,2025-05-16,55350
Cabai Merah Keriting,2025-05-19,53800
Cabai Merah Keriting,2025-05-20,53500
Cabai Merah Keriting,2025-05-21,52800
Cabai Merah Keriting,2025-05-22,51950
Cabai Merah Keriting,2025-05-23,51100
Cabai Merah Keriting,2025-05-26,49350
Cabai Merah Keriting,2025-05-27,49300
Cabai Merah Keriting,2025-05-28,48600
Cabai Merah Keriting,2025-05-29,48550
Cabai Merah Keriting,2025-05-30,48300
Cabai Merah Keriting,2025-06-02,50000
Cabai Merah Keriting,2025-06-03,51250
Cabai Merah Keriting,2025-06-04,52300
Cabai Merah Keriting,2025-06-05,53400
Cabai Merah Keriting,2025-06-06,53300
Cabai Merah Keriting,2025-06-09,53250
Cabai Merah Keriting,2025-06-10,53400
Cabai Merah Keriting,2025-06-11,51900
Cabai Merah Keriting,2025-06-12,51100
Cabai Merah Keriting,2025-06-13,50350
Cabai Merah Keriting,2025-06-16,47900
Cabai Merah Keriting,2025-06-17,47100
Cabai Merah Keriting,2025-06-18,46800
Cabai Merah Keriting,2025-06-19,46800
Cabai Merah Keriting,2025-06-20,48750
Cabai Merah Keriting,2025-06-23,47900
Cabai Merah Keriting,2025-06-24,46900
Cabai Merah Keriting,2025-06-25,46350
Cabai Merah Keriting,2025-06-26,45750
Cabai Merah Keriting,2025-06-27,45750
Cabai Merah Keriting,2025-06-30,46750
Cabai Merah Keriting,2025-07-01,46700
Cabai Merah Keriting,2025-07-02,47150
Cabai Merah Keriting,2025-07-03,46850
Cabai Merah Keriting,2025-07-04,47050
Cabai Merah Keriting,2025-07-07,48200
Cabai Merah Keriting,2025-07-08,49000
Cabai Merah Keriting,2025-07-09,49650
Cabai Merah Keriting,2025-07-10,49700
Cabai Merah Keriting,2025-07-11,49600
Cabai Merah Keriting,2025-07-14,51550
Cabai Merah Keriting,2025-07-15,52250
Cabai Merah Keriting,2025-07-16,51850
Cabai Merah Keriting,2025-07-17,51350
Cabai Merah Keriting,2025-07-18,51050
Cabai Merah Keriting,2025-07-21,50900
Cabai Merah Keriting,2025-07-22,50700
Cabai Merah Keriting,2025-07-23,50600
Cabai Merah Keriting,2025-07-24,50150
Cabai Merah Keriting,2025-07-25,49750
Cabai Merah Keriting,2025-07-28,47850
Cabai Merah Keriting,2025-07-29,47550
Cabai Merah Keriting,2025-07-30,47200
Cabai Merah Keriting,2025-07-31,47100
Cabai Merah Keriting,2025-08-01,47250
Cabai Merah Keriting,2025-08-04,47850
Cabai Merah Keriting,2025-08-05,48300
Cabai Merah Keriting,2025-08-06,48450
Cabai Merah Keriting,2025-08-07,47950
Cabai Merah Keriting,2025-08-08,47600
Cabai Merah Keriting,2025-08-11,47150
Cabai Merah Keriting,2025-08-12,47100
Cabai Merah Keriting,2025-08-13,46700
Cabai Merah Keriting,2025-08-14,46500
Cabai Merah Keriting,2025-08-15,46150
Cabai Merah Keriting,2025-08-18,46450
Cabai Merah Keriting,2025-08-19,46300
Cabai Merah Keriting,2025-08-20,45950
Cabai Merah Keriting,2025-08-21,45600
Cabai Merah Keriting,2025-08-22,45200
Cabai Merah Keriting,2025-08-25,44600
Cabai Merah Keriting,2025-08-26,44250
Cabai Merah Keriting,2025-08-27,44400
Cabai Merah Keriting,2025-08-28,44000
Cabai Merah Keriting,2025-08-29,44350
Cabai Merah Keriting,2025-09-01,46950
Cabai Merah Keriting,2025-09-02,48000
Cabai Merah Keriting,2025-09-03,49250
Cabai Merah Keriting,2025-09-04,49750
Cabai Merah Keriting,2025-09-05,49750
Cabai Merah Keriting,2025-09-08,54750
Cabai Merah Keriting,2025-09-09,55000
Cabai Merah Keriting,2025-09-10,53850
Cabai Merah Keriting,2025-09-11,53800
Cabai Merah Keriting,2025-09-12,53800
Cabai Merah Keriting,2025-09-15,57650
Cabai Merah Keriting,2025-09-16,58200
Cabai Merah Keriting,2025-09-17,58900
Cabai Merah Keriting,2025-09-18,59050
Cabai Merah Keriting,2025-09-19,59250
Cabai Merah Keriting,2025-09-22,60600
Cabai Merah Keriting,2025-09-23,61050
Cabai Merah Keriting,2025-09-24,60500
Cabai Merah Keriting,2025-09-25,60050
Cabai Merah Keriting,2025-09-26,59850
Cabai Merah Keriting,2025-09-29,59450
Cabai Merah Keriting,2025-09-30,58200
Cabai Merah Keriting,2025-10-01,58200
Cabai Merah Keriting,2025-10-02,57150
Cabai Merah Keriting,2025-10-03,57100
Cabai Merah Keriting,2025-10-06,59400
Cabai Merah Keriting,2025-10-07,59700
Cabai Merah Keriting,2025-10-08,59100
Cabai Merah Keriting,2025-10-09,58850
Cabai Merah Keriting,2025-10-10,58350
Cabai Merah Keriting,2025-10-13,58450
Cabai Merah Keriting,2025-10-14,57850
Cabai Merah Keriting,2025-10-15,57050
Cabai Merah Keriting,2025-10-16,56300
Cabai Merah Keriting,2025-10-17,56500
Cabai Merah Keriting,2025-10-20,55650
Cabai Merah Keriting,2025-10-21,55250
Cabai Merah Keriting,2025-10-22,54650
Cabai Merah Keriting,2025-10-23,53900
Cabai Merah Keriting,2025-10-24,53450
Cabai Merah Keriting,2025-10-27,53750
Cabai Merah Keriting,2025-10-28,53700
Cabai Merah Keriting,2025-10-29,53550
Cabai Merah Keriting,2025-10-30,53500
Cabai Merah Keriting,2025-10-31,53200
Cabai Merah Keriting,2025-11-03,53250
Cabai Merah Keriting,2025-11-04,53500
Cabai Merah Keriting,2025-11-05,53700
Cabai Merah Keriting,2025-11-06,54500
Cabai Merah Keriting,2025-11-07,55100
Cabai Merah Keriting,2025-11-10,55600
Cabai Merah Keriting,2025-11-11,56100
Cabai Merah Keriting,2025-11-12,55250
Cabai Merah Keriting,2025-11-13,54650
Cabai Merah Keriting,2025-11-14,54250
Cabai Merah Keriting,2025-11-17,54950
Cabai Merah Keriting,2025-11-18,55250
Cabai Merah Keriting,2025-11-19,55650
Cabai Merah Keriting,2025-11-20,55950
Cabai Merah Keriting,2025-11-21,56700
Cabai Merah Keriting,2025-11-24,58250
Cabai Merah Keriting,2025-11-25,59350
Cabai Merah Keriting,2025-11-26,59600
Cabai Merah Keriting,2025-11-27,59650
Cabai Merah Keriting,2025-11-28,65050
Cabai Merah Keriting,2025-12-01,65750
Cabai Merah Keriting,2025-12-02,65050
Cabai Merah Keriting,2025-12-03,64150
Cabai Merah Keriting,2025-12-04,63150
Cabai Merah Keriting,2025-12-05,62900
Cabai Merah Keriting,2025-12-08,64100
Cabai Merah Keriting,2025-12-09,64550
Cabai Merah Keriting,2025-12-10,64150
Cabai Merah Keriting,2025-12-11,65400
Cabai Merah Keriting,2025-12-12,65000
Cabai Merah Keriting,2025-12-15,64650
Cabai Merah Keriting,2025-12-16,63550
Cabai Merah Keriting,2025-12-17,62400
Cabai Merah Keriting,2025-12-18,61350
Cabai Merah Keriting,2025-12-19,60150
Minyak Goreng Kemasan Bermerk 1,2024-01-01,20900
Minyak Goreng Kemasan Bermerk 1,2024-01-02,20700
Minyak Goreng Kemasan Bermerk 1,2024-01-03,20750
Minyak Goreng Kemasan Bermerk 1,2024-01-04,20700
Minyak Goreng Kemasan Bermerk 1,2024-01-05,20750
Minyak Goreng Kemasan Bermerk 1,2024-01-08,20700
Minyak Goreng Kemasan Bermerk 1,2024-01-09,20700
Minyak Goreng Kemasan Bermerk 1,2024-01-10,20700
Minyak Goreng Kemasan Bermerk 1,2024-01-11,20700
Minyak Goreng Kemasan Bermerk 1,2024-01-12,20700
Minyak Goreng Kemasan Bermerk 1,2024-01-15,20650
Minyak Goreng Kemasan Bermerk 1,2024-01-16,20650
Minyak Goreng Kemasan Bermerk 1,2024-01-17,20700
Minyak Goreng Kemasan Bermerk 1,2024-01-18,20750
Minyak Goreng Kemasan Bermerk 1,2024-01-19,20750
Minyak Goreng Kemasan Bermerk 1,2024-01-22,20750
Minyak Goreng Kemasan Bermerk 1,2024-01-23,20750
Minyak Goreng Kemasan Bermerk 1,2024-01-24,20750
Minyak Goreng Kemasan Bermerk 1,2024-01-25,20750
Minyak Goreng Kemasan Bermerk 1,2024-01-26,20750
Minyak Goreng Kemasan Bermerk 1,2024-01-29,20700
Minyak Goreng Kemasan Bermerk 1,2024-01-30,20700
Minyak Goreng Kemasan Bermerk 1,2024-01-31,20700
Minyak Goreng Kemasan Bermerk 1,2024-02-01,20700
Minyak Goreng Kemasan Bermerk 1,2024-02-02,20700
Minyak Goreng Kemasan Bermerk 1,2024-02-05,20650
Minyak Goreng Kemasan Bermerk 1,2024-02-06,20650
Minyak Goreng Kemasan Bermerk 1,2024-02-07,20650
Minyak Goreng Kemasan Bermerk 1,2024-02-08,20650
Minyak Goreng Kemasan Bermerk 1,2024-02-09,20700
Minyak Goreng Kemasan Bermerk 1,2024-02-12,20650
Minyak Goreng Kemasan Bermerk 1,2024-02-13,20700
Minyak Goreng Kemasan Bermerk 1,2024-02-14,20750
Minyak Goreng Kemasan Bermerk 1,2024-02-15,20700
Minyak Goreng Kemasan Bermerk 1,2024-02-16,20700
Minyak Goreng Kemasan Bermerk 1,2024-02-19,20700
Minyak Goreng Kemasan Bermerk 1,2024-02-20,20700
Minyak Goreng Kemasan Bermerk 1,2024-02-21,20700
Minyak Goreng Kemasan Bermerk 1,2024-02-22,20750
Minyak Goreng Kemasan Bermerk 1,2024-02-23,20750
Minyak Goreng Kemasan Bermerk 1,2024-02-26,20750
Minyak Goreng Kemasan Bermerk 1,2024-02-27,20750
Minyak Goreng Kemasan Bermerk 1,2024-02-28,20750
Minyak Goreng Kemasan Bermerk 1,2024-02-29,20700
Minyak Goreng Kemasan Bermerk 1,2024-03-01,20750
Minyak Goreng Kemasan Bermerk 1,2024-03-04,20750
Minyak Goreng Kemasan Bermerk 1,2024-03-05,20700
Minyak Goreng Kemasan Bermerk 1,2024-03-06,20700
Minyak Goreng Kemasan Bermerk 1,2024-03-07,20700
Minyak Goreng Kemasan Bermerk 1,2024-03-08,20700
Minyak Goreng Kemasan Bermerk 1,2024-03-11,20700
Minyak Goreng Kemasan Bermerk 1,2024-03-12,20700
Minyak Goreng Kemasan Bermerk 1,2024-03-13,20700
Minyak Goreng Kemasan Bermerk 1,2024-03-14,20700
Minyak Goreng Kemasan Bermerk 1,2024-03-15,20750
Minyak Goreng Kemasan Bermerk 1,2024-03-18,20750
Minyak Goreng Kemasan Bermerk 1,2024-03-19,20750
Minyak Goreng Kemasan Bermerk 1,2024-03-20,20750
Minyak Goreng Kemasan Bermerk 1,2024-03-21,20750
Minyak Goreng Kemasan Bermerk 1,2024-03-22,20750
Minyak Goreng Kemasan Bermerk 1,2024-03-25,20800
Minyak Goreng Kemasan Bermerk 1,2024-03-26,20800
Minyak Goreng Kemasan Bermerk 1,2024-03-27,20800
Minyak Goreng Kemasan Bermerk 1,2024-03-28,20750
Minyak Goreng Kemasan Bermerk 1,2024-03-29,20800
Minyak Goreng Kemasan Bermerk 1,2024-04-01,20800
Minyak Goreng Kemasan Bermerk 1,2024-04-02,20800
Minyak Goreng Kemasan Bermerk 1,2024-04-03,20800
Minyak Goreng Kemasan Bermerk 1,2024-04-04,20800
Minyak Goreng Kemasan Bermerk 1,2024-04-05,20800
Minyak Goreng Kemasan Bermerk 1,2024-04-08,20750
Minyak Goreng Kemasan Bermerk 1,2024-04-09,20750
Minyak Goreng Kemasan Bermerk 1,2024-04-10,20750
Minyak Goreng Kemasan Bermerk 1,2024-04-11,20750
Minyak Goreng Kemasan Bermerk 1,2024-04-12,20800
Minyak Goreng Kemasan Bermerk 1,2024-04-15,20750
Minyak Goreng Kemasan Bermerk 1,2024-04-16,20800
Minyak Goreng Kemasan Bermerk 1,2024-04-17,20800
Minyak Goreng Kemasan Bermerk 1,2024-04-18,20800
Minyak Goreng Kemasan Bermerk 1,2024-04-19,20750
Minyak Goreng Kemasan Bermerk 1,2024-04-22,20750
Minyak Goreng Kemasan Bermerk 1,2024-04-23,20750
Minyak Goreng Kemasan Bermerk 1,2024-04-24,20750
Minyak Goreng Kemasan Bermerk 1,2024-04-25,20750
Minyak Goreng Kemasan Bermerk 1,2024-04-26,20850
Minyak Goreng Kemasan Bermerk 1,2024-04-29,20750
Minyak Goreng Kemasan Bermerk 1,2024-04-30,20800
Minyak Goreng Kemasan Bermerk 1,2024-05-01,20650
Minyak Goreng Kemasan Bermerk 1,2024-05-02,20750
Minyak Goreng Kemasan Bermerk 1,2024-05-03,20750
Minyak Goreng Kemasan Bermerk 1,2024-05-06,20700
Minyak Goreng Kemasan Bermerk 1,2024-05-07,20700
Minyak Goreng Kemasan Bermerk 1,2024-05-08,20700
Minyak Goreng Kemasan Bermerk 1,2024-05-09,20650
Minyak Goreng Kemasan Bermerk 1,2024-05-10,20650
Minyak Goreng Kemasan Bermerk 1,2024-05-13,20700
Minyak Goreng Kemasan Bermerk 1,2024-05-14,20700
Minyak Goreng Kemasan Bermerk 1,2024-05-15,20700
Minyak Goreng Kemasan Bermerk 1,2024-05-16,20800
Minyak Goreng Kemasan Bermerk 1,2024-05-17,20750
Minyak Goreng Kemasan Bermerk 1,2024-05-20,20700
Minyak Goreng Kemasan Bermerk 1,2024-05-21,20700
Minyak Goreng Kemasan Bermerk 1,2024-05-22,20700
Minyak Goreng Kemasan Bermerk 1,2024-05-23,20650
Minyak Goreng Kemasan Bermerk 1,2024-05-24,20650
Minyak Goreng Kemasan Bermerk 1,2024-05-27,20700
Minyak Goreng Kemasan Bermerk 1,2024-05-28,20650
Minyak Goreng Kemasan Bermerk 1,2024-05-29,20700
Minyak Goreng Kemasan Bermerk 1,2024-05-30,20650
Minyak Goreng Kemasan Bermerk 1,2024-05-31,20750
Minyak Goreng Kemasan Bermerk 1,2024-06-03,20650
Minyak Goreng Kemasan Bermerk 1,2024-06-04,20700
Minyak Goreng Kemasan Bermerk 1,2024-06-05,20650
Minyak Goreng Kemasan Bermerk 1,2024-06-06,20650
Minyak Goreng Kemasan Bermerk 1,2024-06-07,20700
Minyak Goreng Kemasan Bermerk 1,2024-06-10,20600
Minyak Goreng Kemasan Bermerk 1,2024-06-11,20650
Minyak Goreng Kemasan Bermerk 1,2024-06-12,20650
Minyak Goreng Kemasan Bermerk 1,2024-06-13,20700
Minyak Goreng Kemasan Bermerk 1,2024-06-14,20650
Minyak Goreng Kemasan Bermerk 1,2024-06-17,20500
Minyak Goreng Kemasan Bermerk 1,2024-06-18,20600
Minyak Goreng Kemasan Bermerk 1,2024-06-19,20650
Minyak Goreng Kemasan Bermerk 1,2024-06-20,20650
Minyak Goreng Kemasan Bermerk 1,2024-06-21,20600
Minyak Goreng Kemasan Bermerk 1,2024-06-24,20650
Minyak Goreng Kemasan Bermerk 1,2024-06-25,20700
Minyak Goreng Kemasan Bermerk 1,2024-06-26,20650
Minyak Goreng Kemasan Bermerk 1,2024-06-27,20600
Minyak Goreng Kemasan Bermerk 1,2024-06-28,20700
Minyak Goreng Kemasan Bermerk 1,2024-07-01,20700
Minyak Goreng Kemasan Bermerk 1,2024-07-02,20700
Minyak Goreng Kemasan Bermerk 1,2024-07-03,20750
Minyak Goreng Kemasan Bermerk 1,2024-07-04,20700
Minyak Goreng Kemasan Bermerk 1,2024-07-05,20750
Minyak Goreng Kemasan Bermerk 1,2024-07-08,20700
Minyak Goreng Kemasan Bermerk 1,2024-07-09,20700
Minyak Goreng Kemasan Bermerk 1,2024-07-10,20700
Minyak Goreng Kemasan Bermerk 1,2024-07-11,20750
Minyak Goreng Kemasan Bermerk 1,2024-07-12,20800
Minyak Goreng Kemasan Bermerk 1,2024-07-15,20700
Minyak Goreng Kemasan Bermerk 1,2024-07-16,20700
Minyak Goreng Kemasan Bermerk 1,2024-07-17,20800
Minyak Goreng Kemasan Bermerk 1,2024-07-18,20700
Minyak Goreng Kemasan Bermerk 1,2024-07-19,20700
Minyak Goreng Kemasan Bermerk 1,2024-07-22,20700
Minyak Goreng Kemasan Bermerk 1,2024-07-23,20700
Minyak Goreng Kemasan Bermerk 1,2024-07-24,20700
Minyak Goreng Kemasan Bermerk 1,2024-07-25,20700
Minyak Goreng Kemasan Bermerk 1,2024-07-26,20700
Minyak Goreng Kemasan Bermerk 1,2024-07-29,20800
Minyak Goreng Kemasan Bermerk 1,2024-07-30,20800
Minyak Goreng Kemasan Bermerk 1,2024-07-31,20750
Minyak Goreng Kemasan Bermerk 1,2024-08-01,20750
Minyak Goreng Kemasan Bermerk 1,2024-08-02,20750
Minyak Goreng Kemasan Bermerk 1,2024-08-05,20750
Minyak Goreng Kemasan Bermerk 1,2024-08-06,20750
Minyak Goreng Kemasan Bermerk 1,2024-08-07,20750
Minyak Goreng Kemasan Bermerk 1,2024-08-08,20700
Minyak Goreng Kemasan Bermerk 1,2024-08-09,20750
Minyak Goreng Kemasan Bermerk 1,2024-08-12,20750
Minyak Goreng Kemasan Bermerk 1,2024-08-13,20750
Minyak Goreng Kemasan Bermerk 1,2024-08-14,20750
Minyak Goreng Kemasan Bermerk 1,2024-08-15,20750
Minyak Goreng Kemasan Bermerk 1,2024-08-16,20750
Minyak Goreng Kemasan Bermerk 1,2024-08-19,20700
Minyak Goreng Kemasan Bermerk 1,2024-08-20,20750
Minyak Goreng Kemasan Bermerk 1,2024-08-21,20750
Minyak Goreng Kemasan Bermerk 1,2024-08-22,20800
Minyak Goreng Kemasan Bermerk 1,2024-08-23,20750
Minyak Goreng Kemasan Bermerk 1,2024-08-26,20700
Minyak Goreng Kemasan Bermerk 1,2024-08-27,20800
Minyak Goreng Kemasan Bermerk 1,2024-08-28,20750
Minyak Goreng Kemasan Bermerk 1,2024-08-29,20750
Minyak Goreng Kemasan Bermerk 1,2024-08-30,20750
Minyak Goreng Kemasan Bermerk 1,2024-09-02,20750
Minyak Goreng Kemasan Bermerk 1,2024-09-03,20750
Minyak Goreng Kemasan Bermerk 1,2024-09-04,20750
Minyak Goreng Kemasan Bermerk 1,2024-09-05,20750
Minyak Goreng Kemasan Bermerk 1,2024-09-06,20750
Minyak Goreng Kemasan Bermerk 1,2024-09-09,20800
Minyak Goreng Kemasan Bermerk 1,2024-09-10,20800
Minyak Goreng Kemasan Bermerk 1,2024-09-11,20800
Minyak Goreng Kemasan Bermerk 1,2024-09-12,20800
Minyak Goreng Kemasan Bermerk 1,2024-09-13,20800
Minyak Goreng Kemasan Bermerk 1,2024-09-16,20550
Minyak Goreng Kemasan Bermerk 1,2024-09-17,20800
Minyak Goreng Kemasan Bermerk 1,2024-09-18,20800
Minyak Goreng Kemasan Bermerk 1,2024-09-19,20850
Minyak Goreng Kemasan Bermerk 1,2024-09-20,20850
Minyak Goreng Kemasan Bermerk 1,2024-09-23,20800
Minyak Goreng Kemasan Bermerk 1,2024-09-24,20850
Minyak Goreng Kemasan Bermerk 1,2024-09-25,20800
Minyak Goreng Kemasan Bermerk 1,2024-09-26,20800
Minyak Goreng Kemasan Bermerk 1,2024-09-27,20800
Minyak Goreng Kemasan Bermerk 1,2024-09-30,20750
Minyak Goreng Kemasan Bermerk 1,2024-10-01,20800
Minyak Goreng Kemasan Bermerk 1,2024-10-02,20800
Minyak Goreng Kemasan Bermerk 1,2024-10-03,20800
Minyak Goreng Kemasan Bermerk 1,2024-10-04,20850
Minyak Goreng Kemasan Bermerk 1,2024-10-07,20850
Minyak Goreng Kemasan Bermerk 1,2024-10-08,20850
Minyak Goreng Kemasan Bermerk 1,2024-10-09,20850
Minyak Goreng Kemasan Bermerk 1,2024-10-10,20900
Minyak Goreng Kemasan Bermerk 1,2024-10-11,20950
Minyak Goreng Kemasan Bermerk 1,2024-10-14,20900
Minyak Goreng Kemasan Bermerk 1,2024-10-15,21000
Minyak Goreng Kemasan Bermerk 1,2024-10-16,20900
Minyak Goreng Kemasan Bermerk 1,2024-10-17,20850
Minyak Goreng Kemasan Bermerk 1,2024-10-18,21000
Minyak Goreng Kemasan Bermerk 1,2024-10-21,21000
Minyak Goreng Kemasan Bermerk 1,2024-10-22,21000
Minyak Goreng Kemasan Bermerk 1,2024-10-23,21050
Minyak Goreng Kemasan Bermerk 1,2024-10-24,21000
Minyak Goreng Kemasan Bermerk 1,2024-10-25,21050
Minyak Goreng Kemasan Bermerk 1,2024-10-28,21000
Minyak Goreng Kemasan Bermerk 1,2024-10-29,21050
Minyak Goreng Kemasan Bermerk 1,2024-10-30,21150
Minyak Goreng Kemasan Bermerk 1,2024-10-31,21100
Minyak Goreng Kemasan Bermerk 1,2024-11-01,21050
Minyak Goreng Kemasan Bermerk 1,2024-11-04,21100
Minyak Goreng Kemasan Bermerk 1,2024-11-05,21100
Minyak Goreng Kemasan Bermerk 1,2024-11-06,21150
Minyak Goreng Kemasan Bermerk 1,2024-11-07,21200
Minyak Goreng Kemasan Bermerk 1,2024-11-08,21200
Minyak Goreng Kemasan Bermerk 1,2024-11-11,21200
Minyak Goreng Kemasan Bermerk 1,2024-11-12,21150
Minyak Goreng Kemasan Bermerk 1,2024-11-13,21200
Minyak Goreng Kemasan Bermerk 1,2024-11-14,21250
Minyak Goreng Kemasan Bermerk 1,2024-11-15,21200
Minyak Goreng Kemasan Bermerk 1,2024-11-18,21300
Minyak Goreng Kemasan Bermerk 1,2024-11-19,21400
Minyak Goreng Kemasan Bermerk 1,2024-11-20,21300
Minyak Goreng Kemasan Bermerk 1,2024-11-21,21400
Minyak Goreng Kemasan Bermerk 1,2024-11-22,21400
Minyak Goreng Kemasan Bermerk 1,2024-11-25,21350
Minyak Goreng Kemasan Bermerk 1,2024-11-26,21350
Minyak Goreng Kemasan Bermerk 1,2024-11-27,21350
Minyak Goreng Kemasan Bermerk 1,2024-11-28,21350
Minyak Goreng Kemasan Bermerk 1,2024-11-29,21350
Minyak Goreng Kemasan Bermerk 1,2024-12-02,21450
Minyak Goreng Kemasan Bermerk 1,2024-12-03,21450
Minyak Goreng Kemasan Bermerk 1,2024-12-04,21450
Minyak Goreng Kemasan Bermerk 1,2024-12-05,21450
Minyak Goreng Kemasan Bermerk 1,2024-12-06,21550
Minyak Goreng Kemasan Bermerk 1,2024-12-09,21500
Minyak Goreng Kemasan Bermerk 1,2024-12-10,21600
Minyak Goreng Kemasan Bermerk 1,2024-12-11,21550
Minyak Goreng Kemasan Bermerk 1,2024-12-12,21500
Minyak Goreng Kemasan Bermerk 1,2024-12-13,21500
Minyak Goreng Kemasan Bermerk 1,2024-12-16,21550
Minyak Goreng Kemasan Bermerk 1,2024-12-17,21600
Minyak Goreng Kemasan Bermerk 1,2024-12-18,21600
Minyak Goreng Kemasan Bermerk 1,2024-12-19,21600
Minyak Goreng Kemasan Bermerk 1,2024-12-20,21600
Minyak Goreng Kemasan Bermerk 1,2024-12-23,21600
Minyak Goreng Kemasan Bermerk 1,2024-12-24,21600
Minyak Goreng Kemasan Bermerk 1,2024-12-25,21600
Minyak Goreng Kemasan Bermerk 1,2024-12-26,21600
Minyak Goreng Kemasan Bermerk 1,2024-12-27,21650
Minyak Goreng Kemasan Bermerk 1,2024-12-30,21650
Minyak Goreng Kemasan Bermerk 1,2024-12-31,21700
Minyak Goreng Kemasan Bermerk 1,2025-01-01,21750
Minyak Goreng Kemasan Bermerk 1,2025-01-02,21700
Minyak Goreng Kemasan Bermerk 1,2025-01-03,21700
Minyak Goreng Kemasan Bermerk 1,2025-01-06,21800
Minyak Goreng Kemasan Bermerk 1,2025-01-07,21800
Minyak Goreng Kemasan Bermerk 1,2025-01-08,21850
Minyak Goreng Kemasan Bermerk 1,2025-01-09,21850
Minyak Goreng Kemasan Bermerk 1,2025-01-10,21850
Minyak Goreng Kemasan Bermerk 1,2025-01-13,21850
Minyak Goreng Kemasan Bermerk 1,2025-01-14,21850
Minyak Goreng Kemasan Bermerk 1,2025-01-15,21800
Minyak Goreng Kemasan Bermerk 1,2025-01-16,21850
Minyak Goreng Kemasan Bermerk 1,2025-01-17,21850
Minyak Goreng Kemasan Bermerk 1,2025-01-20,21800
Minyak Goreng Kemasan Bermerk 1,2025-01-21,21850
Minyak Goreng Kemasan Bermerk 1,2025-01-22,21850
Minyak Goreng Kemasan Bermerk 1,2025-01-23,21850
Minyak Goreng Kemasan Bermerk 1,2025-01-24,21850
Minyak Goreng Kemasan Bermerk 1,2025-01-27,21850
Minyak Goreng Kemasan Bermerk 1,2025-01-28,21800
Minyak Goreng Kemasan Bermerk 1,2025-01-29,21800
Minyak Goreng Kemasan Bermerk 1,2025-01-30,21850
Minyak Goreng Kemasan Bermerk 1,2025-01-31,21850
Minyak Goreng Kemasan Bermerk 1,2025-02-03,21900
Minyak Goreng Kemasan Bermerk 1,2025-02-04,21900
Minyak Goreng Kemasan Bermerk 1,2025-02-05,21900
Minyak Goreng Kemasan Bermerk 1,2025-02-06,21900
Minyak Goreng Kemasan Bermerk 1,2025-02-07,21900
Minyak Goreng Kemasan Bermerk 1,2025-02-10,21900
Minyak Goreng Kemasan Bermerk 1,2025-02-11,21900
Minyak Goreng Kemasan Bermerk 1,2025-02-12,21950
Minyak Goreng Kemasan Bermerk 1,2025-02-13,22000
Minyak Goreng Kemasan Bermerk 1,2025-02-14,22000
Minyak Goreng Kemasan Bermerk 1,2025-02-17,22000
Minyak Goreng Kemasan Bermerk 1,2025-02-18,22050
Minyak Goreng Kemasan Bermerk 1,2025-02-19,22000
Minyak Goreng Kemasan Bermerk 1,2025-02-20,22050
Minyak Goreng Kemasan Bermerk 1,2025-02-21,22100
Minyak Goreng Kemasan Bermerk 1,2025-02-24,22100
Minyak Goreng Kemasan Bermerk 1,2025-02-25,22100
Minyak Goreng Kemasan Bermerk 1,2025-02-26,22000
Minyak Goreng Kemasan Bermerk 1,2025-02-27,22100
Minyak Goreng Kemasan Bermerk 1,2025-02-28,22100
Minyak Goreng Kemasan Bermerk 1,2025-03-03,22100
Minyak Goreng Kemasan Bermerk 1,2025-03-04,22100
Minyak Goreng Kemasan Bermerk 1,2025-03-05,22150
Minyak Goreng Kemasan Bermerk 1,2025-03-06,22150
Minyak Goreng Kemasan Bermerk 1,2025-03-07,22150
Minyak Goreng Kemasan Bermerk 1,2025-03-10,22150
Minyak Goreng Kemasan Bermerk 1,2025-03-11,22150
Minyak Goreng Kemasan Bermerk 1,2025-03-12,22250
Minyak Goreng Kemasan Bermerk 1,2025-03-13,22150
Minyak Goreng Kemasan Bermerk 1,2025-03-14,22150
Minyak Goreng Kemasan Bermerk 1,2025-03-17,22200
Minyak Goreng Kemasan Bermerk 1,2025-03-18,22200
Minyak Goreng Kemasan Bermerk 1,2025-03-19,22200
Minyak Goreng Kemasan Bermerk 1,2025-03-20,22250
Minyak Goreng Kemasan Bermerk 1,2025-03-21,22250
Minyak Goreng Kemasan Bermerk 1,2025-03-24,22300
Minyak Goreng Kemasan Bermerk 1,2025-03-25,22300
Minyak Goreng Kemasan Bermerk 1,2025-03-26,22250
Minyak Goreng Kemasan Bermerk 1,2025-03-27,22250
Minyak Goreng Kemasan Bermerk 1,2025-03-28,22200
Minyak Goreng Kemasan Bermerk 1,2025-03-31,22300
Minyak Goreng Kemasan Bermerk 1,2025-04-01,22300
Minyak Goreng Kemasan Bermerk 1,2025-04-02,22300
Minyak Goreng Kemasan Bermerk 1,2025-04-03,22300
Minyak Goreng Kemasan Bermerk 1,2025-04-04,22300
Minyak Goreng Kemasan Bermerk 1,2025-04-07,22300
Minyak Goreng Kemasan Bermerk 1,2025-04-08,22300
Minyak Goreng Kemasan Bermerk 1,2025-04-09,22300
Minyak Goreng Kemasan Bermerk 1,2025-04-10,22300
Minyak Goreng Kemasan Bermerk 1,2025-04-11,22300
Minyak Goreng Kemasan Bermerk 1,2025-04-14,22300
Minyak Goreng Kemasan Bermerk 1,2025-04-15,22300
Minyak Goreng Kemasan Bermerk 1,2025-04-16,22300
Minyak Goreng Kemasan Bermerk 1,2025-04-17,22300
Minyak Goreng Kemasan Bermerk 1,2025-04-18,22250
Minyak Goreng Kemasan Bermerk 1,2025-04-21,22300
Minyak Goreng Kemasan Bermerk 1,2025-04-22,22300
Minyak Goreng Kemasan Bermerk 1,2025-04-23,22300
Minyak Goreng Kemasan Bermerk 1,2025-04-24,22300
Minyak Goreng Kemasan Bermerk 1,2025-04-25,22350
Minyak Goreng Kemasan Bermerk 1,2025-04-28,22350
Minyak Goreng Kemasan Bermerk 1,2025-04-29,22350
Minyak Goreng Kemasan Bermerk 1,2025-04-30,22350
Minyak Goreng Kemasan Bermerk 1,2025-05-01,22350
Minyak Goreng Kemasan Bermerk 1,2025-05-02,22350
Minyak Goreng Kemasan Bermerk 1,2025-05-05,22350
Minyak Goreng Kemasan Bermerk 1,2025-05-06,22350
Minyak Goreng Kemasan Bermerk 1,2025-05-07,22350
Minyak Goreng Kemasan Bermerk 1,2025-05-08,22350
Minyak Goreng Kemasan Bermerk 1,2025-05-09,22350
Minyak Goreng Kemasan Bermerk 1,2025-05-12,22350
Minyak Goreng Kemasan Bermerk 1,2025-05-13,22350
Minyak Goreng Kemasan Bermerk 1,2025-05-14,22350
Minyak Goreng Kemasan Bermerk 1,2025-05-15,22350
Minyak Goreng Kemasan Bermerk 1,2025-05-16,22350
Minyak Goreng Kemasan Bermerk 1,2025-05-19,22300
Minyak Goreng Kemasan Bermerk 1,2025-05-20,22300
Minyak Goreng Kemasan Bermerk 1,2025-05-21,22300
Minyak Goreng Kemasan Bermerk 1,2025-05-22,22300
Minyak Goreng Kemasan Bermerk 1,2025-05-23,22350
Minyak Goreng Kemasan Bermerk 1,2025-05-26,22350
Minyak Goreng Kemasan Bermerk 1,2025-05-27,22350
Minyak Goreng Kemasan Bermerk 1,2025-05-28,22350
Minyak Goreng Kemasan Bermerk 1,2025-05-29,22350
Minyak Goreng Kemasan Bermerk 1,2025-05-30,22350
Minyak Goreng Kemasan Bermerk 1,2025-06-02,22350
Minyak Goreng Kemasan Bermerk 1,2025-06-03,22350
Minyak Goreng Kemasan Bermerk 1,2025-06-04,22350
Minyak Goreng Kemasan Bermerk 1,2025-06-05,22350
Minyak Goreng Kemasan Bermerk 1,2025-06-06,22350
Minyak Goreng Kemasan Bermerk 1,2025-06-09,22350
Minyak Goreng Kemasan Bermerk 1,2025-06-10,22350
Minyak Goreng Kemasan Bermerk 1,2025-06-11,22350
Minyak Goreng Kemasan Bermerk 1,2025-06-12,22350
Minyak Goreng Kemasan Bermerk 1,2025-06-13,22350
Minyak Goreng Kemasan Bermerk 1,2025-06-16,22300
Minyak Goreng Kemasan Bermerk 1,2025-06-17,22300
Minyak Goreng Kemasan Bermerk 1,2025-06-18,22300
Minyak Goreng Kemasan Bermerk 1,2025-06-19,22300
Minyak Goreng Kemasan Bermerk 1,2025-06-20,22300
Minyak Goreng Kemasan Bermerk 1,2025-06-23,22300
Minyak Goreng Kemasan Bermerk 1,2025-06-24,22350
Minyak Goreng Kemasan Bermerk 1,2025-06-25,22350
Minyak Goreng Kemasan Bermerk 1,2025-06-26,22350
Minyak Goreng Kemasan Bermerk 1,2025-06-27,22300
Minyak Goreng Kemasan Bermerk 1,2025-06-30,22300
Minyak Goreng Kemasan Bermerk 1,2025-07-01,22300
Minyak Goreng Kemasan Bermerk 1,2025-07-02,22300
Minyak Goreng Kemasan Bermerk 1,2025-07-03,22300
Minyak Goreng Kemasan Bermerk 1,2025-07-04,22300
Minyak Goreng Kemasan Bermerk 1,2025-07-07,22300
Minyak Goreng Kemasan Bermerk 1,2025-07-08,22300
Minyak Goreng Kemasan Bermerk 1,2025-07-09,22300
Minyak Goreng Kemasan Bermerk 1,2025-07-10,22300
Minyak Goreng Kemasan Bermerk 1,2025-07-11,22300
Minyak Goreng Kemasan Bermerk 1,2025-07-14,22350
Minyak Goreng Kemasan Bermerk 1,2025-07-15,22350
Minyak Goreng Kemasan Bermerk 1,2025-07-16,22400
Minyak Goreng Kemasan Bermerk 1,2025-07-17,22400
Minyak Goreng Kemasan Bermerk 1,2025-07-18,22400
Minyak Goreng Kemasan Bermerk 1,2025-07-21,22400
Minyak Goreng Kemasan Bermerk 1,2025-07-22,22400
Minyak Goreng Kemasan Bermerk 1,2025-07-23,22400
Minyak Goreng Kemasan Bermerk 1,2025-07-24,22400
Minyak Goreng Kemasan Bermerk 1,2025-07-25,22400
Minyak Goreng Kemasan Bermerk 1,2025-07-28,22450
Minyak Goreng Kemasan Bermerk 1,2025-07-29,22450
Minyak Goreng Kemasan Bermerk 1,2025-07-30,22450
Minyak Goreng Kemasan Bermerk 1,2025-07-31,22450
Minyak Goreng Kemasan Bermerk 1,2025-08-01,22450
Minyak Goreng Kemasan Bermerk 1,2025-08-04,22450
Minyak Goreng Kemasan Bermerk 1,2025-08-05,22450
Minyak Goreng Kemasan Bermerk 1,2025-08-06,22400
Minyak Goreng Kemasan Bermerk 1,2025-08-07,22400
Minyak Goreng Kemasan Bermerk 1,2025-08-08,22400
Minyak Goreng Kemasan Bermerk 1,2025-08-11,22400
Minyak Goreng Kemasan Bermerk 1,2025-08-12,22400
Minyak Goreng Kemasan Bermerk 1,2025-08-13,22400
Minyak Goreng Kemasan Bermerk 1,2025-08-14,22400
Minyak Goreng Kemasan Bermerk 1,2025-08-15,22400
Minyak Goreng Kemasan Bermerk 1,2025-08-18,22400
Minyak Goreng Kemasan Bermerk 1,2025-08-19,22450
Minyak Goreng Kemasan Bermerk 1,2025-08-20,22450
Minyak Goreng Kemasan Bermerk 1,2025-08-21,22450
Minyak Goreng Kemasan Bermerk 1,2025-08-22,22450
Minyak Goreng Kemasan Bermerk 1,2025-08-25,22450
Minyak Goreng Kemasan Bermerk 1,2025-08-26,22450
Minyak Goreng Kemasan Bermerk 1,2025-08-27,22450
Minyak Goreng Kemasan Bermerk 1,2025-08-28,22450
Minyak Goreng Kemasan Bermerk 1,2025-08-29,22450
Minyak Goreng Kemasan Bermerk 1,2025-09-01,22450
Minyak Goreng Kemasan Bermerk 1,2025-09-02,22450
Minyak Goreng Kemasan Bermerk 1,2025-09-03,22450
Minyak Goreng Kemasan Bermerk 1,2025-09-04,22450
Minyak Goreng Kemasan Bermerk 1,2025-09-05,22450
Minyak Goreng Kemasan Bermerk 1,2025-09-08,22450
Minyak Goreng Kemasan Bermerk 1,2025-09-09,22450
Minyak Goreng Kemasan Bermerk 1,2025-09-10,22450
Minyak Goreng Kemasan Bermerk 1,2025-09-11,22450
Minyak Goreng Kemasan Bermerk 1,2025-09-12,22450
Minyak Goreng Kemasan Bermerk 1,2025-09-15,22450
Minyak Goreng Kemasan Bermerk 1,2025-09-16,22400
Minyak Goreng Kemasan Bermerk 1,2025-09-17,22400
Minyak Goreng Kemasan Bermerk 1,2025-09-18,22400
Minyak Goreng Kemasan Bermerk 1,2025-09-19,22400
Minyak Goreng Kemasan Bermerk 1,2025-09-22,22400
Minyak Goreng Kemasan Bermerk 1,2025-09-23,22400
Minyak Goreng Kemasan Bermerk 1,2025-09-24,22400
Minyak Goreng Kemasan Bermerk 1,2025-09-25,22450
Minyak Goreng Kemasan Bermerk 1,2025-09-26,22400
Minyak Goreng Kemasan Bermerk 1,2025-09-29,22400
Minyak Goreng Kemasan Bermerk 1,2025-09-30,22400
Minyak Goreng Kemasan Bermerk 1,2025-10-01,22400
Minyak Goreng Kemasan Bermerk 1,2025-10-02,22400
Minyak Goreng Kemasan Bermerk 1,2025-10-03,22400
Minyak Goreng Kemasan Bermerk 1,2025-10-06,22400
Minyak Goreng Kemasan Bermerk 1,2025-10-07,22400
Minyak Goreng Kemasan Bermerk 1,2025-10-08,22450
Minyak Goreng Kemasan Bermerk 1,2025-10-09,22400
Minyak Goreng Kemasan Bermerk 1,2025-10-10,22400
Minyak Goreng Kemasan Bermerk 1,2025-10-13,22450
Minyak Goreng Kemasan Bermerk 1,2025-10-14,22450
Minyak Goreng Kemasan Bermerk 1,2025-10-15,22450
Minyak Goreng Kemasan Bermerk 1,2025-10-16,22450
Minyak Goreng Kemasan Bermerk 1,2025-10-17,22450
Minyak Goreng Kemasan Bermerk 1,2025-10-20,22500
Minyak Goreng Kemasan Bermerk 1,2025-10-21,22500
Minyak Goreng Kemasan Bermerk 1,2025-10-22,22500
Minyak Goreng Kemasan Bermerk 1,2025-10-23,22500
Minyak Goreng Kemasan Bermerk 1,2025-10-24,22500
Minyak Goreng Kemasan Bermerk 1,2025-10-27,22450
Minyak Goreng Kemasan Bermerk 1,2025-10-28,22450
Minyak Goreng Kemasan Bermerk 1,2025-10-29,22450
Minyak Goreng Kemasan Bermerk 1,2025-10-30,22450
Minyak Goreng Kemasan Bermerk 1,2025-10-31,22450
Minyak Goreng Kemasan Bermerk 1,2025-11-03,22450
Minyak Goreng Kemasan Bermerk 1,2025-11-04,22450
Minyak Goreng Kemasan Bermerk 1,2025-11-05,22450
Minyak Goreng Kemasan Bermerk 1,2025-11-06,22450
Minyak Goreng Kemasan Bermerk 1,2025-11-07,22450
Minyak Goreng Kemasan Bermerk 1,2025-11-10,22450
Minyak Goreng Kemasan Bermerk 1,2025-11-11,22450
Minyak Goreng Kemasan Bermerk 1,2025-11-12,22450
Minyak Goreng Kemasan Bermerk 1,2025-11-13,22450
Minyak Goreng Kemasan Bermerk 1,2025-11-14,22450
Minyak Goreng Kemasan Bermerk 1,2025-11-17,22450
Minyak Goreng Kemasan Bermerk 1,2025-11-18,22450
Minyak Goreng Kemasan Bermerk 1,2025-11-19,22450
Minyak Goreng Kemasan Bermerk 1,2025-11-20,22450
Minyak Goreng Kemasan Bermerk 1,2025-11-21,22450
Minyak Goreng Kemasan Bermerk 1,2025-11-24,22450
Minyak Goreng Kemasan Bermerk 1,2025-11-25,22450
Minyak Goreng Kemasan Bermerk 1,2025-11-26,22450
Minyak Goreng Kemasan Bermerk 1,2025-11-27,22450
Minyak Goreng Kemasan Bermerk 1,2025-11-28,22450
Minyak Goreng Kemasan Bermerk 1,2025-12-01,22450
Minyak Goreng Kemasan Bermerk 1,2025-12-02,22450
Minyak Goreng Kemasan Bermerk 1,2025-12-03,22450
Minyak Goreng Kemasan Bermerk 1,2025-12-04,22400
Minyak Goreng Kemasan Bermerk 1,2025-12-05,22450
Minyak Goreng Kemasan Bermerk 1,2025-12-08,22450
Minyak Goreng Kemasan Bermerk 1,2025-12-09,22450
Minyak Goreng Kemasan Bermerk 1,2025-12-10,22550
Minyak Goreng Kemasan Bermerk 1,2025-12-11,22450
Minyak Goreng Kemasan Bermerk 1,2025-12-12,22500
Minyak Goreng Kemasan Bermerk 1,2025-12-15,22500
Minyak Goreng Kemasan Bermerk 1,2025-12-16,22500
Minyak Goreng Kemasan Bermerk 1,2025-12-17,22500
Minyak Goreng Kemasan Bermerk 1,2025-12-18,22500
Minyak Goreng Kemasan Bermerk 1,2025-12-19,22500
